RealX,RealY,Velocity,Acceleration,TrialTime,ReactionTime,TouchTime,MovementTimeDat,TouchRegistered,TouchX,TouchY,TouchOnTarget,TargetDisparity,ROIleft,ROItop,ROIright,ROIbottom,MovementTime
-214.919723704274,-104.999328566331,0.0756504039500783,-0.001729225687086,5975.717,2317.11,4318.019,2000.909,0,535,526,1,6,480,470,580,570,1.028
-214.919723704274,-104.999479867139,0.0739211782629923,-0.00186394171919346,NaN,NaN,NaN,NaN,NaN,NaN,NaN,NaN,NaN,NaN,NaN,NaN,NaN,NaN
-214.919723704274,-104.999627709495,0.0720572365437988,-0.00203371068607794,NaN,NaN,NaN,NaN,NaN,NaN,NaN,NaN,NaN,NaN,NaN,NaN,NaN,NaN
-214.919723704274,-104.999771823968,0.0700235258577209,-0.0022310269969239,NaN,NaN,NaN,NaN,NaN,NaN,NaN,NaN,NaN,NaN,NaN,NaN,NaN,NaN
-214.919723704274,-104.99991187102,0.067792498860797,-0.0024510531204669,NaN,NaN,NaN,NaN,NaN,NaN,NaN,NaN,NaN,NaN,NaN,NaN,NaN,NaN
-214.919723704274,-105.000047456018,0.0653414457403301,-0.00268992960172909,NaN,NaN,NaN,NaN,NaN,NaN,NaN,NaN,NaN,NaN,NaN,NaN,NaN,NaN
-214.919723704274,-105.000178138909,0.062651516138601,-0.00294272445700017,NaN,NaN,NaN,NaN,NaN,NaN,NaN,NaN,NaN,NaN,NaN,NaN,NaN,NaN
-214.919723704274,-105.000303441942,0.0597087916816008,-0.00320070041937015,NaN,NaN,NaN,NaN,NaN,NaN,NaN,NaN,NaN,NaN,NaN,NaN,NaN,NaN
-214.919723704274,-105.000422859525,0.0565080912622307,-0.0034472931602636,NaN,NaN,NaN,NaN,NaN,NaN,NaN,NaN,NaN,NaN,NaN,NaN,NaN,NaN
-214.919723704274,-105.000535875708,0.0530607981019671,-0.00365169368166107,NaN,NaN,NaN,NaN,NaN,NaN,NaN,NaN,NaN,NaN,NaN,NaN,NaN,NaN
-214.919723704274,-105.000641997304,0.049409104420306,-0.0037577935145805,NaN,NaN,NaN,NaN,NaN,NaN,NaN,NaN,NaN,NaN,NaN,NaN,NaN,NaN
-214.919723704274,-105.000740815513,0.0456513109057255,-0.00366376785621014,NaN,NaN,NaN,NaN,NaN,NaN,NaN,NaN,NaN,NaN,NaN,NaN,NaN,NaN
-214.919723704274,-105.000832118134,0.0419875430495154,-0.00318190699033494,NaN,NaN,NaN,NaN,NaN,NaN,NaN,NaN,NaN,NaN,NaN,NaN,NaN,NaN
-214.919723704274,-105.00091609322,0.0388056360591804,-0.00195535127289759,NaN,NaN,NaN,NaN,NaN,NaN,NaN,NaN,NaN,NaN,NaN,NaN,NaN,NaN
-214.919723704274,-105.000993704493,0.0368502847862828,0.000718809182842506,NaN,NaN,NaN,NaN,NaN,NaN,NaN,NaN,NaN,NaN,NaN,NaN,NaN,NaN
-214.919723704274,-105.001067405062,0.0375690939691253,0.00624070560917289,NaN,NaN,NaN,NaN,NaN,NaN,NaN,NaN,NaN,NaN,NaN,NaN,NaN,NaN
-214.919723704274,-105.00114254325,0.0438097995782982,0.0170846116702705,NaN,NaN,NaN,NaN,NaN,NaN,NaN,NaN,NaN,NaN,NaN,NaN,NaN,NaN
-214.919723704274,-105.001230162849,0.0608944112485688,0.034415309848157,NaN,NaN,NaN,NaN,NaN,NaN,NaN,NaN,NaN,NaN,NaN,NaN,NaN,NaN
-214.919723704274,-105.001351951672,0.0953097210967258,0.0418948814271403,NaN,NaN,NaN,NaN,NaN,NaN,NaN,NaN,NaN,NaN,NaN,NaN,NaN,NaN
-214.919723704274,-105.001542571114,0.137204602523866,1.70291867817696,NaN,NaN,NaN,NaN,NaN,NaN,NaN,NaN,NaN,NaN,NaN,NaN,NaN,NaN
-214.919723704274,-105.001816980319,1.84012328070082,1.12717230134507,NaN,NaN,NaN,NaN,NaN,NaN,NaN,NaN,NaN,NaN,NaN,NaN,NaN,NaN
-214.919723704274,-105.00549722688,2.96729558204589,0.787693597885664,NaN,NaN,NaN,NaN,NaN,NaN,NaN,NaN,NaN,NaN,NaN,NaN,NaN,NaN
-214.919723704274,-105.011431818045,3.75498917993156,0.137865218512445,NaN,NaN,NaN,NaN,NaN,NaN,NaN,NaN,NaN,NaN,NaN,NaN,NaN,NaN
-214.919723704274,-105.018941796404,3.892854398444,-0.681428139394313,NaN,NaN,NaN,NaN,NaN,NaN,NaN,NaN,NaN,NaN,NaN,NaN,NaN,NaN
-214.919723704274,-105.026727505201,3.21142625904969,-1.52724492731693,NaN,NaN,NaN,NaN,NaN,NaN,NaN,NaN,NaN,NaN,NaN,NaN,NaN,NaN
-214.919723704274,-105.033150357719,1.68418133173276,-1.08707454359802,NaN,NaN,NaN,NaN,NaN,NaN,NaN,NaN,NaN,NaN,NaN,NaN,NaN,NaN
-214.919723704274,-105.036518720383,0.597106788134738,2.72757770100895,NaN,NaN,NaN,NaN,NaN,NaN,NaN,NaN,NaN,NaN,NaN,NaN,NaN,NaN
-214.919723704274,-105.035324506807,3.32468448914369,2.58386514714459,NaN,NaN,NaN,NaN,NaN,NaN,NaN,NaN,NaN,NaN,NaN,NaN,NaN,NaN
-214.919723704274,-105.028675137828,5.90854963628829,2.2937716417033,NaN,NaN,NaN,NaN,NaN,NaN,NaN,NaN,NaN,NaN,NaN,NaN,NaN,NaN
-214.919723704274,-105.016858038556,8.20232127799159,2.15617255860678,NaN,NaN,NaN,NaN,NaN,NaN,NaN,NaN,NaN,NaN,NaN,NaN,NaN,NaN
-214.919723704274,-105.000453396,10.3584938365984,2.24276681452551,NaN,NaN,NaN,NaN,NaN,NaN,NaN,NaN,NaN,NaN,NaN,NaN,NaN,NaN
-214.919723704274,-104.979736408327,12.6012606511239,2.50707984184828,NaN,NaN,NaN,NaN,NaN,NaN,NaN,NaN,NaN,NaN,NaN,NaN,NaN,NaN
-214.919723704274,-104.954533887024,15.1083404929722,2.85560004015283,NaN,NaN,NaN,NaN,NaN,NaN,NaN,NaN,NaN,NaN,NaN,NaN,NaN,NaN
-214.919723704274,-104.924317206038,17.963940533125,3.20035173630525,NaN,NaN,NaN,NaN,NaN,NaN,NaN,NaN,NaN,NaN,NaN,NaN,NaN,NaN
-214.919471829453,-104.888390207876,21.1642922694302,3.3403744345623,NaN,NaN,NaN,NaN,NaN,NaN,NaN,NaN,NaN,NaN,NaN,NaN,NaN,NaN
-214.918016301276,-104.846086655935,24.5046667039925,3.08847809802159,NaN,NaN,NaN,NaN,NaN,NaN,NaN,NaN,NaN,NaN,NaN,NaN,NaN,NaN
-214.91455800074,-104.797199490764,27.5931448020141,2.93446463422708,NaN,NaN,NaN,NaN,NaN,NaN,NaN,NaN,NaN,NaN,NaN,NaN,NaN,NaN
-214.908981309216,-104.742295692426,30.5276094362412,2.46455988516309,NaN,NaN,NaN,NaN,NaN,NaN,NaN,NaN,NaN,NaN,NaN,NaN,NaN,NaN
-214.901924237969,-104.681649690934,32.9921693214043,1.88798340644377,NaN,NaN,NaN,NaN,NaN,NaN,NaN,NaN,NaN,NaN,NaN,NaN,NaN,NaN
-214.894356190044,-104.616100796231,34.8801527278481,1.35853774824523,NaN,NaN,NaN,NaN,NaN,NaN,NaN,NaN,NaN,NaN,NaN,NaN,NaN,NaN
-214.886865154751,-104.54674385997,36.2386904760933,0.938417862925228,NaN,NaN,NaN,NaN,NaN,NaN,NaN,NaN,NaN,NaN,NaN,NaN,NaN,NaN
-214.880241628676,-104.474569767305,37.1771083390185,0.646787862113371,NaN,NaN,NaN,NaN,NaN,NaN,NaN,NaN,NaN,NaN,NaN,NaN,NaN,NaN
-214.875535256016,-104.400364648922,37.8238962011319,0.445855846751087,NaN,NaN,NaN,NaN,NaN,NaN,NaN,NaN,NaN,NaN,NaN,NaN,NaN,NaN
-214.873522894374,-104.324743627401,38.269752047883,0.447687927647046,NaN,NaN,NaN,NaN,NaN,NaN,NaN,NaN,NaN,NaN,NaN,NaN,NaN,NaN
-214.875056515076,-104.248219489413,38.71743997553,0.7328210688677,NaN,NaN,NaN,NaN,NaN,NaN,NaN,NaN,NaN,NaN,NaN,NaN,NaN,NaN
-214.880610535531,-104.170984047485,39.4502610443977,0.712088790520333,NaN,NaN,NaN,NaN,NaN,NaN,NaN,NaN,NaN,NaN,NaN,NaN,NaN,NaN
-214.890518701997,-104.092708121281,40.1623498349181,0.717177790996239,NaN,NaN,NaN,NaN,NaN,NaN,NaN,NaN,NaN,NaN,NaN,NaN,NaN,NaN
-214.906029425057,-104.013895210871,40.8795276259143,0.972142569389781,NaN,NaN,NaN,NaN,NaN,NaN,NaN,NaN,NaN,NaN,NaN,NaN,NaN,NaN
-214.929319083383,-103.935523437057,41.8516701953041,1.51982559347714,NaN,NaN,NaN,NaN,NaN,NaN,NaN,NaN,NaN,NaN,NaN,NaN,NaN,NaN
-214.962429021834,-103.858647035163,43.3714957887812,2.29441050715765,NaN,NaN,NaN,NaN,NaN,NaN,NaN,NaN,NaN,NaN,NaN,NaN,NaN,NaN
-215.006825014989,-103.784126283827,45.6659062959389,3.3012805745905,NaN,NaN,NaN,NaN,NaN,NaN,NaN,NaN,NaN,NaN,NaN,NaN,NaN,NaN
-215.063495006522,-103.712502181383,48.9671868705294,4.81116716986703,NaN,NaN,NaN,NaN,NaN,NaN,NaN,NaN,NaN,NaN,NaN,NaN,NaN,NaN
-215.133500156611,-103.644015536545,53.7783540403964,6.80490424293269,NaN,NaN,NaN,NaN,NaN,NaN,NaN,NaN,NaN,NaN,NaN,NaN,NaN,NaN
-215.218981817111,-103.578736664225,60.5832582833291,8.66249781446729,NaN,NaN,NaN,NaN,NaN,NaN,NaN,NaN,NaN,NaN,NaN,NaN,NaN,NaN
-215.322940950111,-103.516496617609,69.2457560977964,9.72669730978789,NaN,NaN,NaN,NaN,NaN,NaN,NaN,NaN,NaN,NaN,NaN,NaN,NaN,NaN
-215.447819006532,-103.456618658603,78.9724534075843,9.96304577828299,NaN,NaN,NaN,NaN,NaN,NaN,NaN,NaN,NaN,NaN,NaN,NaN,NaN,NaN
-215.594873220863,-103.398984886938,88.9354991858673,9.75858073114252,NaN,NaN,NaN,NaN,NaN,NaN,NaN,NaN,NaN,NaN,NaN,NaN,NaN,NaN
-215.7642243052,-103.344594609356,98.6940799170098,9.48098913160865,NaN,NaN,NaN,NaN,NaN,NaN,NaN,NaN,NaN,NaN,NaN,NaN,NaN,NaN
-215.955203678259,-103.294705084314,108.175069048618,9.07532769126514,NaN,NaN,NaN,NaN,NaN,NaN,NaN,NaN,NaN,NaN,NaN,NaN,NaN,NaN
-216.166754862763,-103.24938976031,117.250396739884,8.65176111810084,NaN,NaN,NaN,NaN,NaN,NaN,NaN,NaN,NaN,NaN,NaN,NaN,NaN,NaN
-216.397704231737,-103.208732520941,125.902157857984,8.25716518166344,NaN,NaN,NaN,NaN,NaN,NaN,NaN,NaN,NaN,NaN,NaN,NaN,NaN,NaN
-216.647066049386,-103.173745418859,134.159323039648,7.68912701993114,NaN,NaN,NaN,NaN,NaN,NaN,NaN,NaN,NaN,NaN,NaN,NaN,NaN,NaN
-216.914004790323,-103.146568141202,141.848450059579,7.00002552244086,NaN,NaN,NaN,NaN,NaN,NaN,NaN,NaN,NaN,NaN,NaN,NaN,NaN,NaN
-217.197152621018,-103.128926227759,148.84847558202,6.44324634640842,NaN,NaN,NaN,NaN,NaN,NaN,NaN,NaN,NaN,NaN,NaN,NaN,NaN,NaN
-217.494775446328,-103.122283292664,155.291721928428,6.43341820685396,NaN,NaN,NaN,NaN,NaN,NaN,NaN,NaN,NaN,NaN,NaN,NaN,NaN,NaN
-217.805304867811,-103.128075873393,161.725140135282,7.4543474519044,NaN,NaN,NaN,NaN,NaN,NaN,NaN,NaN,NaN,NaN,NaN,NaN,NaN,NaN
-218.128154152338,-103.147784330656,169.179487587187,9.06004950998633,NaN,NaN,NaN,NaN,NaN,NaN,NaN,NaN,NaN,NaN,NaN,NaN,NaN,NaN
-218.464680110629,-103.182956414436,178.239537097173,10.7575059529787,NaN,NaN,NaN,NaN,NaN,NaN,NaN,NaN,NaN,NaN,NaN,NaN,NaN,NaN
-218.817559420032,-103.233488813286,188.997043050152,12.2724171854819,NaN,NaN,NaN,NaN,NaN,NaN,NaN,NaN,NaN,NaN,NaN,NaN,NaN,NaN
-219.190063255177,-103.297679326053,201.269460235634,13.5174256502149,NaN,NaN,NaN,NaN,NaN,NaN,NaN,NaN,NaN,NaN,NaN,NaN,NaN,NaN
-219.585559721814,-103.372646834827,214.786885885849,14.5945049327533,NaN,NaN,NaN,NaN,NaN,NaN,NaN,NaN,NaN,NaN,NaN,NaN,NaN,NaN
-220.00720336862,-103.454806803801,229.381390818602,15.737257884961,NaN,NaN,NaN,NaN,NaN,NaN,NaN,NaN,NaN,NaN,NaN,NaN,NaN,NaN
-220.45789750432,-103.540469431949,245.118648703563,17.1360488750503,NaN,NaN,NaN,NaN,NaN,NaN,NaN,NaN,NaN,NaN,NaN,NaN,NaN,NaN
-220.940547662,-103.626384698698,262.254697578613,18.7923204734749,NaN,NaN,NaN,NaN,NaN,NaN,NaN,NaN,NaN,NaN,NaN,NaN,NaN,NaN
-221.458346202294,-103.710019483794,281.047018052088,20.6050031001088,NaN,NaN,NaN,NaN,NaN,NaN,NaN,NaN,NaN,NaN,NaN,NaN,NaN,NaN
-222.014822251763,-103.789291873631,301.652021152197,22.4955538769911,NaN,NaN,NaN,NaN,NaN,NaN,NaN,NaN,NaN,NaN,NaN,NaN,NaN,NaN
-222.613701882574,-103.862223041599,324.147575029188,24.3163994651098,NaN,NaN,NaN,NaN,NaN,NaN,NaN,NaN,NaN,NaN,NaN,NaN,NaN,NaN
-223.25867279384,-103.927790756284,348.463974494298,26.1265527625237,NaN,NaN,NaN,NaN,NaN,NaN,NaN,NaN,NaN,NaN,NaN,NaN,NaN,NaN
-223.953268663156,-103.984756925296,374.590527256821,27.4059479536917,NaN,NaN,NaN,NaN,NaN,NaN,NaN,NaN,NaN,NaN,NaN,NaN,NaN,NaN
-224.70096148623,-104.031955386759,401.996475210513,27.9343204516412,NaN,NaN,NaN,NaN,NaN,NaN,NaN,NaN,NaN,NaN,NaN,NaN,NaN,NaN
-225.50410106965,-104.068988802367,429.930795662154,27.8026883977533,NaN,NaN,NaN,NaN,NaN,NaN,NaN,NaN,NaN,NaN,NaN,NaN,NaN,NaN
-226.363556322842,-104.095420298628,457.733484059908,26.5989072864835,NaN,NaN,NaN,NaN,NaN,NaN,NaN,NaN,NaN,NaN,NaN,NaN,NaN,NaN
-227.278899266028,-104.110489010545,484.332391346391,24.9976114090604,NaN,NaN,NaN,NaN,NaN,NaN,NaN,NaN,NaN,NaN,NaN,NaN,NaN,NaN
-228.247560148342,-104.113237883674,509.330002755452,23.1547714050231,NaN,NaN,NaN,NaN,NaN,NaN,NaN,NaN,NaN,NaN,NaN,NaN,NaN,NaN
-229.266173227217,-104.103460237058,532.484774160475,20.6444046868064,NaN,NaN,NaN,NaN,NaN,NaN,NaN,NaN,NaN,NaN,NaN,NaN,NaN,NaN
-230.330942678165,-104.082816710761,553.129178847281,17.5833459358365,NaN,NaN,NaN,NaN,NaN,NaN,NaN,NaN,NaN,NaN,NaN,NaN,NaN,NaN
-231.436794574902,-104.052831106674,570.712524783118,14.5886356752866,NaN,NaN,NaN,NaN,NaN,NaN,NaN,NaN,NaN,NaN,NaN,NaN,NaN,NaN
-232.57758597368,-104.014803113672,585.301160458404,11.8850025754141,NaN,NaN,NaN,NaN,NaN,NaN,NaN,NaN,NaN,NaN,NaN,NaN,NaN,NaN
-233.747339864994,-103.970242733386,597.186163033818,9.38450421757329,NaN,NaN,NaN,NaN,NaN,NaN,NaN,NaN,NaN,NaN,NaN,NaN,NaN,NaN
-234.940708059718,-103.921277387514,606.570667251392,7.34625443157825,NaN,NaN,NaN,NaN,NaN,NaN,NaN,NaN,NaN,NaN,NaN,NaN,NaN,NaN
-236.15274986905,-103.869638740055,613.91692168297,5.36756226897057,NaN,NaN,NaN,NaN,NaN,NaN,NaN,NaN,NaN,NaN,NaN,NaN,NaN,NaN
-237.379410050663,-103.815966160841,619.28448395194,3.17953061907667,NaN,NaN,NaN,NaN,NaN,NaN,NaN,NaN,NaN,NaN,NaN,NaN,NaN,NaN
-238.616712587661,-103.759970445005,622.464014571017,1.54400682553876,NaN,NaN,NaN,NaN,NaN,NaN,NaN,NaN,NaN,NaN,NaN,NaN,NaN,NaN
-239.86026302047,-103.701420305762,624.008021396556,0.815943031438565,NaN,NaN,NaN,NaN,NaN,NaN,NaN,NaN,NaN,NaN,NaN,NaN,NaN,NaN
-241.106772874522,-103.640124083866,624.823964427994,0.783956945579916,NaN,NaN,NaN,NaN,NaN,NaN,NaN,NaN,NaN,NaN,NaN,NaN,NaN,NaN
-242.354732936058,-103.575196193823,625.607921373574,0.948767345000874,NaN,NaN,NaN,NaN,NaN,NaN,NaN,NaN,NaN,NaN,NaN,NaN,NaN,NaN
-243.604001149235,-103.505410688964,626.556688718575,1.19684743814844,NaN,NaN,NaN,NaN,NaN,NaN,NaN,NaN,NaN,NaN,NaN,NaN,NaN,NaN
-244.854804754122,-103.429361502822,627.753536156724,1.21091909763095,NaN,NaN,NaN,NaN,NaN,NaN,NaN,NaN,NaN,NaN,NaN,NaN,NaN,NaN
-246.107575251198,-103.346511697239,628.964455254355,1.19371614252759,NaN,NaN,NaN,NaN,NaN,NaN,NaN,NaN,NaN,NaN,NaN,NaN,NaN,NaN
-247.362234480491,-103.255873061753,630.158171396882,1.22917004974681,NaN,NaN,NaN,NaN,NaN,NaN,NaN,NaN,NaN,NaN,NaN,NaN,NaN,NaN
-248.618557503533,-103.155624641876,631.387341446629,1.41542597432931,NaN,NaN,NaN,NaN,NaN,NaN,NaN,NaN,NaN,NaN,NaN,NaN,NaN,NaN
-249.876393008601,-103.044046230226,632.802767420958,2.04118813620755,NaN,NaN,NaN,NaN,NaN,NaN,NaN,NaN,NaN,NaN,NaN,NaN,NaN,NaN
-251.13601498979,-102.921124164151,634.843955557166,2.91096599349964,NaN,NaN,NaN,NaN,NaN,NaN,NaN,NaN,NaN,NaN,NaN,NaN,NaN,NaN
-252.398669690477,-102.787668184656,637.754921550665,3.97888458546186,NaN,NaN,NaN,NaN,NaN,NaN,NaN,NaN,NaN,NaN,NaN,NaN,NaN,NaN
-253.666184277882,-102.645077404574,641.733806136127,4.6775507957816,NaN,NaN,NaN,NaN,NaN,NaN,NaN,NaN,NaN,NaN,NaN,NaN,NaN,NaN
-254.940785410235,-102.494475063434,646.411356931909,5.32690314143952,NaN,NaN,NaN,NaN,NaN,NaN,NaN,NaN,NaN,NaN,NaN,NaN,NaN,NaN
-256.223908503156,-102.336406414126,651.738260073348,5.85079125331731,NaN,NaN,NaN,NaN,NaN,NaN,NaN,NaN,NaN,NaN,NaN,NaN,NaN,NaN
-257.516869960488,-102.171174127851,657.589051326666,6.3914169743681,NaN,NaN,NaN,NaN,NaN,NaN,NaN,NaN,NaN,NaN,NaN,NaN,NaN,NaN
-258.820644818926,-101.998360470395,663.980468301034,6.77291465366841,NaN,NaN,NaN,NaN,NaN,NaN,NaN,NaN,NaN,NaN,NaN,NaN,NaN,NaN
-260.136225247107,-101.817450586395,670.753382954702,6.6042271077722,NaN,NaN,NaN,NaN,NaN,NaN,NaN,NaN,NaN,NaN,NaN,NaN,NaN,NaN
-261.464255293309,-101.627775602898,677.357610062474,6.00827516344293,NaN,NaN,NaN,NaN,NaN,NaN,NaN,NaN,NaN,NaN,NaN,NaN,NaN,NaN
-262.804137989688,-101.427856400258,683.365885225917,5.63845844145328,NaN,NaN,NaN,NaN,NaN,NaN,NaN,NaN,NaN,NaN,NaN,NaN,NaN,NaN
-264.154322795336,-101.215826395403,689.004343667371,5.78229341017527,NaN,NaN,NaN,NaN,NaN,NaN,NaN,NaN,NaN,NaN,NaN,NaN,NaN,NaN
-265.513617359664,-100.989494272716,694.786637077546,6.28558032586386,NaN,NaN,NaN,NaN,NaN,NaN,NaN,NaN,NaN,NaN,NaN,NaN,NaN,NaN
-266.881924820625,-100.747319590878,701.07221740341,6.56365396074636,NaN,NaN,NaN,NaN,NaN,NaN,NaN,NaN,NaN,NaN,NaN,NaN,NaN,NaN
-268.260051634612,-100.488910031013,707.635871364156,6.46972707540829,NaN,NaN,NaN,NaN,NaN,NaN,NaN,NaN,NaN,NaN,NaN,NaN,NaN,NaN
-269.648579988268,-100.215079578253,714.105598439564,6.3381791676685,NaN,NaN,NaN,NaN,NaN,NaN,NaN,NaN,NaN,NaN,NaN,NaN,NaN,NaN
-271.047472257064,-99.927177436558,720.443777607233,5.88684896532186,NaN,NaN,NaN,NaN,NaN,NaN,NaN,NaN,NaN,NaN,NaN,NaN,NaN,NaN
-272.45650027557,-99.6258520479216,726.330626572555,5.15116238414714,NaN,NaN,NaN,NaN,NaN,NaN,NaN,NaN,NaN,NaN,NaN,NaN,NaN,NaN
-273.87460533906,-99.3108873748332,731.481788956702,4.68043455618363,NaN,NaN,NaN,NaN,NaN,NaN,NaN,NaN,NaN,NaN,NaN,NaN,NaN,NaN
-275.300174842107,-98.9822325067979,736.162223512886,4.7009352106711,NaN,NaN,NaN,NaN,NaN,NaN,NaN,NaN,NaN,NaN,NaN,NaN,NaN,NaN
-276.732306513241,-98.640562850777,740.863158723557,5.14644823706988,NaN,NaN,NaN,NaN,NaN,NaN,NaN,NaN,NaN,NaN,NaN,NaN,NaN,NaN
-278.171287325912,-98.2872257587804,746.009606960627,5.67623023688043,NaN,NaN,NaN,NaN,NaN,NaN,NaN,NaN,NaN,NaN,NaN,NaN,NaN,NaN
-279.618252620489,-97.9233401022883,751.685837197507,6.03848799504374,NaN,NaN,NaN,NaN,NaN,NaN,NaN,NaN,NaN,NaN,NaN,NaN,NaN,NaN
-281.074209841535,-97.5487537145818,757.724325192551,5.93312913141506,NaN,NaN,NaN,NaN,NaN,NaN,NaN,NaN,NaN,NaN,NaN,NaN,NaN,NaN
-282.539983679238,-97.163926911122,763.657454323966,5.64097881505381,NaN,NaN,NaN,NaN,NaN,NaN,NaN,NaN,NaN,NaN,NaN,NaN,NaN,NaN
-284.015522558112,-96.769622654097,769.29843313902,5.04721953952787,NaN,NaN,NaN,NaN,NaN,NaN,NaN,NaN,NaN,NaN,NaN,NaN,NaN,NaN
-285.500132892677,-96.3656270211694,774.345652678547,4.4216024944169,NaN,NaN,NaN,NaN,NaN,NaN,NaN,NaN,NaN,NaN,NaN,NaN,NaN,NaN
-286.992215763639,-95.9507373183937,778.767255172964,3.85873627868511,NaN,NaN,NaN,NaN,NaN,NaN,NaN,NaN,NaN,NaN,NaN,NaN,NaN,NaN
-288.49017461529,-95.5240840286147,782.625991451649,3.29207240847245,NaN,NaN,NaN,NaN,NaN,NaN,NaN,NaN,NaN,NaN,NaN,NaN,NaN,NaN
-289.992787125974,-95.0857127103022,785.918063860122,3.11668374250291,NaN,NaN,NaN,NaN,NaN,NaN,NaN,NaN,NaN,NaN,NaN,NaN,NaN,NaN
-291.499049789312,-94.6364448598604,789.034747602625,2.81781344536194,NaN,NaN,NaN,NaN,NaN,NaN,NaN,NaN,NaN,NaN,NaN,NaN,NaN,NaN
-293.008942407789,-94.17761197921,791.852561047987,2.44442819991798,NaN,NaN,NaN,NaN,NaN,NaN,NaN,NaN,NaN,NaN,NaN,NaN,NaN,NaN
-294.522212566116,-93.7105623654962,794.296989247905,2.05544807103308,NaN,NaN,NaN,NaN,NaN,NaN,NaN,NaN,NaN,NaN,NaN,NaN,NaN,NaN
-296.038272962819,-93.23601868778,796.352437318938,2.04221904456006,NaN,NaN,NaN,NaN,NaN,NaN,NaN,NaN,NaN,NaN,NaN,NaN,NaN,NaN
-297.556157837251,-92.7535932265246,798.394656363498,2.29272982039186,NaN,NaN,NaN,NaN,NaN,NaN,NaN,NaN,NaN,NaN,NaN,NaN,NaN,NaN
-299.075668547608,-92.2628557097727,800.68738618389,2.52223672469222,NaN,NaN,NaN,NaN,NaN,NaN,NaN,NaN,NaN,NaN,NaN,NaN,NaN,NaN
-300.596901445733,-91.7626041418206,803.209622908582,2.52146553680814,NaN,NaN,NaN,NaN,NaN,NaN,NaN,NaN,NaN,NaN,NaN,NaN,NaN,NaN
-302.119786082339,-91.2513261578229,805.73108844539,2.22596304365447,NaN,NaN,NaN,NaN,NaN,NaN,NaN,NaN,NaN,NaN,NaN,NaN,NaN,NaN
-303.643806729059,-90.7277123536473,807.957051489045,1.7824418593608,NaN,NaN,NaN,NaN,NaN,NaN,NaN,NaN,NaN,NaN,NaN,NaN,NaN,NaN
-305.167842708953,-90.1905971702923,809.739493348405,1.29243229263432,NaN,NaN,NaN,NaN,NaN,NaN,NaN,NaN,NaN,NaN,NaN,NaN,NaN,NaN
-306.690301909356,-89.6384828963775,811.03192564104,0.987062075477752,NaN,NaN,NaN,NaN,NaN,NaN,NaN,NaN,NaN,NaN,NaN,NaN,NaN,NaN
-308.20951009385,-89.0700661216408,812.018987716517,0.332744362034077,NaN,NaN,NaN,NaN,NaN,NaN,NaN,NaN,NaN,NaN,NaN,NaN,NaN,NaN
-309.724255304605,-88.4843645831905,812.351732078552,-0.0326174140528792,NaN,NaN,NaN,NaN,NaN,NaN,NaN,NaN,NaN,NaN,NaN,NaN,NaN,NaN
-311.233021856214,-87.8816334331814,812.319114664499,-0.175283232533729,NaN,NaN,NaN,NaN,NaN,NaN,NaN,NaN,NaN,NaN,NaN,NaN,NaN,NaN
-312.73502198121,-87.2624040728403,812.143831431965,-0.159915137178928,NaN,NaN,NaN,NaN,NaN,NaN,NaN,NaN,NaN,NaN,NaN,NaN,NaN,NaN
-314.230080224816,-86.6274936382438,811.983916294786,-0.574617797600467,NaN,NaN,NaN,NaN,NaN,NaN,NaN,NaN,NaN,NaN,NaN,NaN,NaN,NaN
-315.718406684793,-85.9777584076947,811.409298497186,-1.06550809155647,NaN,NaN,NaN,NaN,NaN,NaN,NaN,NaN,NaN,NaN,NaN,NaN,NaN,NaN
-317.199049717125,-85.3135021246549,810.343790405629,-1.19050755699925,NaN,NaN,NaN,NaN,NaN,NaN,NaN,NaN,NaN,NaN,NaN,NaN,NaN,NaN
-318.670441222783,-84.6340646575746,809.15328284863,-0.725105743002359,NaN,NaN,NaN,NaN,NaN,NaN,NaN,NaN,NaN,NaN,NaN,NaN,NaN,NaN
-320.131865113461,-83.9389701659144,808.428177105627,-0.154841134996332,NaN,NaN,NaN,NaN,NaN,NaN,NaN,NaN,NaN,NaN,NaN,NaN,NaN,NaN
-321.583796846282,-83.2275499571914,808.273335970631,0.107511635053811,NaN,NaN,NaN,NaN,NaN,NaN,NaN,NaN,NaN,NaN,NaN,NaN,NaN,NaN
-323.027318422728,-82.4999040261927,808.380847605685,-0.0887087164605873,NaN,NaN,NaN,NaN,NaN,NaN,NaN,NaN,NaN,NaN,NaN,NaN,NaN,NaN
-324.462753102671,-81.7559647418957,808.292138889224,-0.399954722571579,NaN,NaN,NaN,NaN,NaN,NaN,NaN,NaN,NaN,NaN,NaN,NaN,NaN,NaN
-325.88943055238,-80.9957436019289,807.892184166653,-0.838090909479206,NaN,NaN,NaN,NaN,NaN,NaN,NaN,NaN,NaN,NaN,NaN,NaN,NaN,NaN
-327.306458269993,-80.2193470714975,807.054093257174,-2.0525467361864,NaN,NaN,NaN,NaN,NaN,NaN,NaN,NaN,NaN,NaN,NaN,NaN,NaN,NaN
-328.712630074835,-79.4268660981993,805.001546520987,-3.22547238457093,NaN,NaN,NaN,NaN,NaN,NaN,NaN,NaN,NaN,NaN,NaN,NaN,NaN,NaN
-330.105654392834,-78.619652861769,801.776074136416,-3.86225768062639,NaN,NaN,NaN,NaN,NaN,NaN,NaN,NaN,NaN,NaN,NaN,NaN,NaN,NaN
-331.483769433493,-77.7997879784246,797.91381645579,-3.97114001598254,NaN,NaN,NaN,NaN,NaN,NaN,NaN,NaN,NaN,NaN,NaN,NaN,NaN,NaN
-332.846516785434,-76.9693751360735,793.942676439807,-3.28757295083915,NaN,NaN,NaN,NaN,NaN,NaN,NaN,NaN,NaN,NaN,NaN,NaN,NaN,NaN
-334.194318281001,-76.1298448969299,790.655103488968,-2.2816390298766,NaN,NaN,NaN,NaN,NaN,NaN,NaN,NaN,NaN,NaN,NaN,NaN,NaN,NaN
-335.528528928233,-75.2810669992996,788.373464459092,-1.13800589295795,NaN,NaN,NaN,NaN,NaN,NaN,NaN,NaN,NaN,NaN,NaN,NaN,NaN,NaN
-336.85080293783,-74.4221593666656,787.235458566134,0.196920480682479,NaN,NaN,NaN,NaN,NaN,NaN,NaN,NaN,NaN,NaN,NaN,NaN,NaN,NaN
-338.163039265529,-73.5521050642438,787.432379046816,1.68881697663335,NaN,NaN,NaN,NaN,NaN,NaN,NaN,NaN,NaN,NaN,NaN,NaN,NaN,NaN
-339.466614388146,-72.668424745362,789.121196023449,2.52414979340506,NaN,NaN,NaN,NaN,NaN,NaN,NaN,NaN,NaN,NaN,NaN,NaN,NaN,NaN
-340.762478243304,-71.7675441112325,791.645345816855,2.75426218159976,NaN,NaN,NaN,NaN,NaN,NaN,NaN,NaN,NaN,NaN,NaN,NaN,NaN,NaN
-342.050874884753,-70.8473031055627,794.399607998454,2.69870554279441,NaN,NaN,NaN,NaN,NaN,NaN,NaN,NaN,NaN,NaN,NaN,NaN,NaN,NaN
-343.332018380777,-69.9076466303828,797.098313541249,2.52661074761215,NaN,NaN,NaN,NaN,NaN,NaN,NaN,NaN,NaN,NaN,NaN,NaN,NaN,NaN
-344.606114229783,-68.9494490237548,799.624924288861,2.38201541562694,NaN,NaN,NaN,NaN,NaN,NaN,NaN,NaN,NaN,NaN,NaN,NaN,NaN,NaN
-345.872864064367,-67.9732600385902,802.006939704488,2.30842165867352,NaN,NaN,NaN,NaN,NaN,NaN,NaN,NaN,NaN,NaN,NaN,NaN,NaN,NaN
-347.131955715094,-66.9795051692149,804.315361363161,2.2586823669169,NaN,NaN,NaN,NaN,NaN,NaN,NaN,NaN,NaN,NaN,NaN,NaN,NaN,NaN
-348.382960042703,-65.9682282662838,806.574043730078,2.10401837129245,NaN,NaN,NaN,NaN,NaN,NaN,NaN,NaN,NaN,NaN,NaN,NaN,NaN,NaN
-349.625869238678,-64.9399172809115,808.678062101371,2.11886481004672,NaN,NaN,NaN,NaN,NaN,NaN,NaN,NaN,NaN,NaN,NaN,NaN,NaN,NaN
-350.860945616169,-63.8956820706932,810.796926911417,2.41783042021586,NaN,NaN,NaN,NaN,NaN,NaN,NaN,NaN,NaN,NaN,NaN,NaN,NaN,NaN
-352.089305173827,-62.8370511511245,813.214757331633,2.9447496876337,NaN,NaN,NaN,NaN,NaN,NaN,NaN,NaN,NaN,NaN,NaN,NaN,NaN,NaN
-353.312755651788,-61.7653973384853,816.159507019267,3.35323722259716,NaN,NaN,NaN,NaN,NaN,NaN,NaN,NaN,NaN,NaN,NaN,NaN,NaN,NaN
-354.532851602173,-60.681039816519,819.512744241864,3.23206437219437,NaN,NaN,NaN,NaN,NaN,NaN,NaN,NaN,NaN,NaN,NaN,NaN,NaN,NaN
-355.75072225344,-59.5841370730254,822.744808614058,3.1879690344864,NaN,NaN,NaN,NaN,NaN,NaN,NaN,NaN,NaN,NaN,NaN,NaN,NaN,NaN
-356.966570744736,-58.4753771681692,825.932777648545,3.08431292473904,NaN,NaN,NaN,NaN,NaN,NaN,NaN,NaN,NaN,NaN,NaN,NaN,NaN,NaN
-358.180260256524,-57.3548337367244,829.017090573284,2.61294019036268,NaN,NaN,NaN,NaN,NaN,NaN,NaN,NaN,NaN,NaN,NaN,NaN,NaN,NaN
-359.391308704129,-56.2223855024087,831.630030763647,1.9628014701234,NaN,NaN,NaN,NaN,NaN,NaN,NaN,NaN,NaN,NaN,NaN,NaN,NaN,NaN
-360.598349020467,-55.0780570063004,833.59283223377,1.35619209028903,NaN,NaN,NaN,NaN,NaN,NaN,NaN,NaN,NaN,NaN,NaN,NaN,NaN,NaN
-361.79982280263,-53.922215844816,834.949024324059,0.926400021998802,NaN,NaN,NaN,NaN,NaN,NaN,NaN,NaN,NaN,NaN,NaN,NaN,NaN,NaN
-362.994380010847,-52.7553428572231,835.875424346058,0.345537385971056,NaN,NaN,NaN,NaN,NaN,NaN,NaN,NaN,NaN,NaN,NaN,NaN,NaN,NaN
-364.18060798547,-51.5773725297842,836.220961732029,-0.0891164600395769,NaN,NaN,NaN,NaN,NaN,NaN,NaN,NaN,NaN,NaN,NaN,NaN,NaN,NaN
-365.356530974464,-50.3881429004382,836.131845271989,-0.0505206187920066,NaN,NaN,NaN,NaN,NaN,NaN,NaN,NaN,NaN,NaN,NaN,NaN,NaN,NaN
-366.520450851286,-49.1874113021823,836.081324653197,0.138673387239464,NaN,NaN,NaN,NaN,NaN,NaN,NaN,NaN,NaN,NaN,NaN,NaN,NaN,NaN
-367.671464223127,-47.9744413340548,836.219998040437,0.148316346707361,NaN,NaN,NaN,NaN,NaN,NaN,NaN,NaN,NaN,NaN,NaN,NaN,NaN,NaN
-368.809287575924,-46.7487115276455,836.368314387144,0.212435162183169,NaN,NaN,NaN,NaN,NaN,NaN,NaN,NaN,NaN,NaN,NaN,NaN,NaN,NaN
-369.933598274568,-45.5101747772184,836.580749549327,0.44065626243264,NaN,NaN,NaN,NaN,NaN,NaN,NaN,NaN,NaN,NaN,NaN,NaN,NaN,NaN
-371.04446038159,-44.258993422958,837.02140581176,0.372093072120038,NaN,NaN,NaN,NaN,NaN,NaN,NaN,NaN,NaN,NaN,NaN,NaN,NaN,NaN
-372.142015426238,-42.9949553463496,837.39349888388,0.168055700606146,NaN,NaN,NaN,NaN,NaN,NaN,NaN,NaN,NaN,NaN,NaN,NaN,NaN,NaN
-373.225560632357,-41.7179113869698,837.561554584486,-0.262813931543747,NaN,NaN,NaN,NaN,NaN,NaN,NaN,NaN,NaN,NaN,NaN,NaN,NaN,NaN
-374.293640103137,-40.4274681782347,837.298740652942,-0.797798046706589,NaN,NaN,NaN,NaN,NaN,NaN,NaN,NaN,NaN,NaN,NaN,NaN,NaN,NaN
-375.344177299096,-39.1233790998727,836.500942606236,-1.32262567846817,NaN,NaN,NaN,NaN,NaN,NaN,NaN,NaN,NaN,NaN,NaN,NaN,NaN,NaN
-376.376058304115,-37.806505188139,835.178316927768,-1.96434735611956,NaN,NaN,NaN,NaN,NaN,NaN,NaN,NaN,NaN,NaN,NaN,NaN,NaN,NaN
-377.388977292446,-36.4783160422173,833.213969571648,-2.44941469215291,NaN,NaN,NaN,NaN,NaN,NaN,NaN,NaN,NaN,NaN,NaN,NaN,NaN,NaN
-378.383101551646,-35.1408935085256,830.764554879495,-2.70444443485985,NaN,NaN,NaN,NaN,NaN,NaN,NaN,NaN,NaN,NaN,NaN,NaN,NaN,NaN
-379.358925826021,-33.7961087792412,828.060110444635,-3.01563219692343,NaN,NaN,NaN,NaN,NaN,NaN,NaN,NaN,NaN,NaN,NaN,NaN,NaN,NaN
-380.317244549754,-32.4454202845163,825.044478247712,-3.22447340274141,NaN,NaN,NaN,NaN,NaN,NaN,NaN,NaN,NaN,NaN,NaN,NaN,NaN,NaN
-381.258925763922,-31.0904184191186,821.82000484497,-3.33623954649045,NaN,NaN,NaN,NaN,NaN,NaN,NaN,NaN,NaN,NaN,NaN,NaN,NaN,NaN
-382.18467966845,-29.7322828626648,818.48376529848,-3.65134130453828,NaN,NaN,NaN,NaN,NaN,NaN,NaN,NaN,NaN,NaN,NaN,NaN,NaN,NaN
-383.094971414233,-28.3717566285227,814.832423993942,-4.38931197672389,NaN,NaN,NaN,NaN,NaN,NaN,NaN,NaN,NaN,NaN,NaN,NaN,NaN,NaN
-383.989911930797,-27.0098135355196,810.443112017218,-5.21060453888947,NaN,NaN,NaN,NaN,NaN,NaN,NaN,NaN,NaN,NaN,NaN,NaN,NaN,NaN
-384.869268462517,-25.6481952918894,805.232507478328,-5.83047694483423,NaN,NaN,NaN,NaN,NaN,NaN,NaN,NaN,NaN,NaN,NaN,NaN,NaN,NaN
-385.732449094678,-24.2885935999732,799.402030533494,-6.26513723915843,NaN,NaN,NaN,NaN,NaN,NaN,NaN,NaN,NaN,NaN,NaN,NaN,NaN,NaN
-386.578601675921,-22.9320537977783,793.136893294336,-6.72341064156194,NaN,NaN,NaN,NaN,NaN,NaN,NaN,NaN,NaN,NaN,NaN,NaN,NaN,NaN
-387.406685278015,-21.5790785304646,786.413482652774,-6.98440742948867,NaN,NaN,NaN,NaN,NaN,NaN,NaN,NaN,NaN,NaN,NaN,NaN,NaN,NaN
-388.215656161169,-20.2302454151386,779.429075223285,-6.94551506102528,NaN,NaN,NaN,NaN,NaN,NaN,NaN,NaN,NaN,NaN,NaN,NaN,NaN,NaN
-389.004618167865,-18.8857835580357,772.48356016226,-6.65091553802938,NaN,NaN,NaN,NaN,NaN,NaN,NaN,NaN,NaN,NaN,NaN,NaN,NaN,NaN
-389.773088221283,-17.545493596914,765.83264462423,-6.06349992649552,NaN,NaN,NaN,NaN,NaN,NaN,NaN,NaN,NaN,NaN,NaN,NaN,NaN,NaN
-390.521202026165,-16.2089591629267,759.769144697735,-5.1302557079307,NaN,NaN,NaN,NaN,NaN,NaN,NaN,NaN,NaN,NaN,NaN,NaN,NaN,NaN
-391.249629081135,-14.8753960266159,754.638888989804,-4.57167459706864,NaN,NaN,NaN,NaN,NaN,NaN,NaN,NaN,NaN,NaN,NaN,NaN,NaN,NaN
-391.959172852597,-13.5433047957006,750.067214392736,-4.5377599395573,NaN,NaN,NaN,NaN,NaN,NaN,NaN,NaN,NaN,NaN,NaN,NaN,NaN,NaN
-392.650082122567,-12.2117464285616,745.529454453178,-4.24790395967364,NaN,NaN,NaN,NaN,NaN,NaN,NaN,NaN,NaN,NaN,NaN,NaN,NaN,NaN
-393.322851251517,-10.8810930668778,741.281550493505,-3.63829239769984,NaN,NaN,NaN,NaN,NaN,NaN,NaN,NaN,NaN,NaN,NaN,NaN,NaN,NaN
-393.978521460364,-9.55139764098544,737.643258095805,-3.30789383708179,NaN,NaN,NaN,NaN,NaN,NaN,NaN,NaN,NaN,NaN,NaN,NaN,NaN,NaN
-394.618440669144,-8.22212200700601,734.335364258723,-3.30632116797847,NaN,NaN,NaN,NaN,NaN,NaN,NaN,NaN,NaN,NaN,NaN,NaN,NaN,NaN
-395.243766590658,-6.89322727803535,731.029043090744,-3.55692512008693,NaN,NaN,NaN,NaN,NaN,NaN,NaN,NaN,NaN,NaN,NaN,NaN,NaN,NaN
-395.856135992145,-5.56559119706591,727.472117970658,-3.96113745406365,NaN,NaN,NaN,NaN,NaN,NaN,NaN,NaN,NaN,NaN,NaN,NaN,NaN,NaN
-396.457710388866,-4.24083802197682,723.510980516594,-4.08889158819443,NaN,NaN,NaN,NaN,NaN,NaN,NaN,NaN,NaN,NaN,NaN,NaN,NaN,NaN
-397.050522716772,-2.92082056012475,719.422088928399,-4.15283757003431,NaN,NaN,NaN,NaN,NaN,NaN,NaN,NaN,NaN,NaN,NaN,NaN,NaN,NaN
-397.636712023333,-1.606798237245,715.269251358365,-4.01768523358055,NaN,NaN,NaN,NaN,NaN,NaN,NaN,NaN,NaN,NaN,NaN,NaN,NaN,NaN
-398.218134109572,-0.299744770324928,711.251566124785,-4.01628881075465,NaN,NaN,NaN,NaN,NaN,NaN,NaN,NaN,NaN,NaN,NaN,NaN,NaN,NaN
-398.796628467661,0.999816478297007,707.23527731403,-4.03602888727528,NaN,NaN,NaN,NaN,NaN,NaN,NaN,NaN,NaN,NaN,NaN,NaN,NaN,NaN
-399.373675668336,2.2912279069681,703.199248426755,-4.25124122659975,NaN,NaN,NaN,NaN,NaN,NaN,NaN,NaN,NaN,NaN,NaN,NaN,NaN,NaN
-399.950709098455,3.57379921199449,698.948007200155,-4.38088076398799,NaN,NaN,NaN,NaN,NaN,NaN,NaN,NaN,NaN,NaN,NaN,NaN,NaN,NaN
-400.528782280651,4.846569679558,694.567126436167,-4.63221543360146,NaN,NaN,NaN,NaN,NaN,NaN,NaN,NaN,NaN,NaN,NaN,NaN,NaN,NaN
-401.108798847084,6.10881955781778,689.934911002566,-4.81289168741068,NaN,NaN,NaN,NaN,NaN,NaN,NaN,NaN,NaN,NaN,NaN,NaN,NaN,NaN
-401.690916179995,7.35989115305312,685.122019315155,-5.08044493232183,NaN,NaN,NaN,NaN,NaN,NaN,NaN,NaN,NaN,NaN,NaN,NaN,NaN,NaN
-402.274650148822,8.59957795988791,680.041574382833,-5.47026621360385,NaN,NaN,NaN,NaN,NaN,NaN,NaN,NaN,NaN,NaN,NaN,NaN,NaN,NaN
-402.859703389633,9.82739670749389,674.571308169229,-5.44520399242163,NaN,NaN,NaN,NaN,NaN,NaN,NaN,NaN,NaN,NaN,NaN,NaN,NaN,NaN
-403.446059499088,11.0424573282551,669.126104176808,-5.4197724510235,NaN,NaN,NaN,NaN,NaN,NaN,NaN,NaN,NaN,NaN,NaN,NaN,NaN,NaN
-404.034571040436,12.2443612923321,663.706331725784,-5.56001625714521,NaN,NaN,NaN,NaN,NaN,NaN,NaN,NaN,NaN,NaN,NaN,NaN,NaN,NaN
-404.625337228963,13.4330663396775,658.146315468639,-5.54744787477125,NaN,NaN,NaN,NaN,NaN,NaN,NaN,NaN,NaN,NaN,NaN,NaN,NaN,NaN
-405.218221808479,14.6082744768313,652.598867593868,-5.3509926915707,NaN,NaN,NaN,NaN,NaN,NaN,NaN,NaN,NaN,NaN,NaN,NaN,NaN,NaN
-405.812586767717,15.7702862767579,647.247874902297,-5.14661498084536,NaN,NaN,NaN,NaN,NaN,NaN,NaN,NaN,NaN,NaN,NaN,NaN,NaN,NaN
-406.407210828812,16.920130384552,642.101259921452,-4.719953059158,NaN,NaN,NaN,NaN,NaN,NaN,NaN,NaN,NaN,NaN,NaN,NaN,NaN,NaN
-407.00080609874,18.058910770531,637.381306862294,-4.51385690613972,NaN,NaN,NaN,NaN,NaN,NaN,NaN,NaN,NaN,NaN,NaN,NaN,NaN,NaN
-407.592734740447,19.1879104182177,632.867449956154,-4.62163438985328,NaN,NaN,NaN,NaN,NaN,NaN,NaN,NaN,NaN,NaN,NaN,NaN,NaN,NaN
-408.18237873529,20.3079125593774,628.245815566301,-5.28075838133134,NaN,NaN,NaN,NaN,NaN,NaN,NaN,NaN,NaN,NaN,NaN,NaN,NaN,NaN
-408.768763077023,21.4191841836335,622.965057184969,-6.15721521082173,NaN,NaN,NaN,NaN,NaN,NaN,NaN,NaN,NaN,NaN,NaN,NaN,NaN,NaN
-409.350568067098,22.5209304354615,616.807841974147,-6.98457581311686,NaN,NaN,NaN,NaN,NaN,NaN,NaN,NaN,NaN,NaN,NaN,NaN,NaN,NaN
-409.926570380921,23.6118149344592,609.823266161031,-7.22822428771394,NaN,NaN,NaN,NaN,NaN,NaN,NaN,NaN,NaN,NaN,NaN,NaN,NaN,NaN
-410.496325012239,24.6902013790591,602.595041873317,-7.17108682149251,NaN,NaN,NaN,NaN,NaN,NaN,NaN,NaN,NaN,NaN,NaN,NaN,NaN,NaN
-411.059516731766,25.7557051214354,595.423955051824,-7.24735257551174,NaN,NaN,NaN,NaN,NaN,NaN,NaN,NaN,NaN,NaN,NaN,NaN,NaN,NaN
-411.615568552345,26.8087602566628,588.176602476312,-7.25914629553449,NaN,NaN,NaN,NaN,NaN,NaN,NaN,NaN,NaN,NaN,NaN,NaN,NaN,NaN
-412.163637431625,27.8496384274242,580.917456180778,-7.1829313731605,NaN,NaN,NaN,NaN,NaN,NaN,NaN,NaN,NaN,NaN,NaN,NaN,NaN,NaN
-412.703035837247,28.8786718202711,573.734524807617,-6.85655285095334,NaN,NaN,NaN,NaN,NaN,NaN,NaN,NaN,NaN,NaN,NaN,NaN,NaN,NaN
-413.23389254894,29.8959605558204,566.877971956664,-6.53332707486879,NaN,NaN,NaN,NaN,NaN,NaN,NaN,NaN,NaN,NaN,NaN,NaN,NaN,NaN
-413.756483561316,30.9020923434817,560.344644881795,-6.63848283042978,NaN,NaN,NaN,NaN,NaN,NaN,NaN,NaN,NaN,NaN,NaN,NaN,NaN,NaN
-414.270822974507,31.8977827834426,553.706162051365,-6.25387547798528,NaN,NaN,NaN,NaN,NaN,NaN,NaN,NaN,NaN,NaN,NaN,NaN,NaN,NaN
-414.776681020987,32.8829069849454,547.45228657338,-5.53138483866667,NaN,NaN,NaN,NaN,NaN,NaN,NaN,NaN,NaN,NaN,NaN,NaN,NaN,NaN
-415.273880681245,33.8584112248832,541.920901734714,-4.98772517924363,NaN,NaN,NaN,NaN,NaN,NaN,NaN,NaN,NaN,NaN,NaN,NaN,NaN,NaN
-415.762515331998,34.8258559173756,536.93317655547,-4.52898726331182,NaN,NaN,NaN,NaN,NaN,NaN,NaN,NaN,NaN,NaN,NaN,NaN,NaN,NaN
-416.243331596708,35.7860666567101,532.404189292158,-4.46185929785975,NaN,NaN,NaN,NaN,NaN,NaN,NaN,NaN,NaN,NaN,NaN,NaN,NaN,NaN
-416.718226449675,36.7391100774045,527.942329994298,-4.49687279094451,NaN,NaN,NaN,NaN,NaN,NaN,NaN,NaN,NaN,NaN,NaN,NaN,NaN,NaN
-417.18935886253,37.6840580467431,523.445457203354,-4.26204157778341,NaN,NaN,NaN,NaN,NaN,NaN,NaN,NaN,NaN,NaN,NaN,NaN,NaN,NaN
-417.658547229016,38.6199228144427,519.18341562557,-3.73485960627181,NaN,NaN,NaN,NaN,NaN,NaN,NaN,NaN,NaN,NaN,NaN,NaN,NaN,NaN
-418.12743066826,39.5463967734102,515.448556019299,-3.51432790582726,NaN,NaN,NaN,NaN,NaN,NaN,NaN,NaN,NaN,NaN,NaN,NaN,NaN,NaN
-418.597919845775,40.4636692462614,511.934228113471,-3.72853981349488,NaN,NaN,NaN,NaN,NaN,NaN,NaN,NaN,NaN,NaN,NaN,NaN,NaN,NaN
-419.071389657195,41.3714869335372,508.205688299976,-3.96046290588436,NaN,NaN,NaN,NaN,NaN,NaN,NaN,NaN,NaN,NaN,NaN,NaN,NaN,NaN
-419.548212859962,42.2691125346565,504.245225394092,-4.13509129707137,NaN,NaN,NaN,NaN,NaN,NaN,NaN,NaN,NaN,NaN,NaN,NaN,NaN,NaN
-420.027789204613,43.1562762844695,500.110134097021,-4.37738702947814,NaN,NaN,NaN,NaN,NaN,NaN,NaN,NaN,NaN,NaN,NaN,NaN,NaN,NaN
-420.509169967268,44.0330391636176,495.732747067543,-4.52644004931034,NaN,NaN,NaN,NaN,NaN,NaN,NaN,NaN,NaN,NaN,NaN,NaN,NaN,NaN
-420.991865321771,44.8990697755483,491.206307018232,-4.54110168381811,NaN,NaN,NaN,NaN,NaN,NaN,NaN,NaN,NaN,NaN,NaN,NaN,NaN,NaN
-421.475328263928,45.7542879510912,486.665205334414,-4.43899362364306,NaN,NaN,NaN,NaN,NaN,NaN,NaN,NaN,NaN,NaN,NaN,NaN,NaN,NaN
-421.958728968184,46.5990931638226,482.226211710771,-4.39736353382796,NaN,NaN,NaN,NaN,NaN,NaN,NaN,NaN,NaN,NaN,NaN,NaN,NaN,NaN
-422.441406172507,47.4340729201465,477.828848176943,-4.37748087761537,NaN,NaN,NaN,NaN,NaN,NaN,NaN,NaN,NaN,NaN,NaN,NaN,NaN,NaN
-422.923723099617,48.2590892923616,473.451367299328,-4.0839752994267,NaN,NaN,NaN,NaN,NaN,NaN,NaN,NaN,NaN,NaN,NaN,NaN,NaN,NaN
-423.406351529704,49.0737638207851,469.367391999901,-4.31472399687959,NaN,NaN,NaN,NaN,NaN,NaN,NaN,NaN,NaN,NaN,NaN,NaN,NaN,NaN
-423.889651718248,49.8785270918434,465.052668003021,-4.66362794437185,NaN,NaN,NaN,NaN,NaN,NaN,NaN,NaN,NaN,NaN,NaN,NaN,NaN,NaN
-424.373387996154,50.6729420649559,460.38904005865,-4.78461266589301,NaN,NaN,NaN,NaN,NaN,NaN,NaN,NaN,NaN,NaN,NaN,NaN,NaN,NaN
-424.856678248326,51.4566912627097,455.604427392757,-4.62214973513471,NaN,NaN,NaN,NaN,NaN,NaN,NaN,NaN,NaN,NaN,NaN,NaN,NaN,NaN
-425.338390354449,52.2301607345404,450.982277657622,-4.62755937975885,NaN,NaN,NaN,NaN,NaN,NaN,NaN,NaN,NaN,NaN,NaN,NaN,NaN,NaN
-425.817906187655,52.9941009316435,446.354718277863,-4.79681724297365,NaN,NaN,NaN,NaN,NaN,NaN,NaN,NaN,NaN,NaN,NaN,NaN,NaN,NaN
-426.294692963401,53.7488224091365,441.557901034889,-5.23842251686352,NaN,NaN,NaN,NaN,NaN,NaN,NaN,NaN,NaN,NaN,NaN,NaN,NaN,NaN
-426.76796815514,54.4944121842475,436.319478518026,-5.68013581981978,NaN,NaN,NaN,NaN,NaN,NaN,NaN,NaN,NaN,NaN,NaN,NaN,NaN,NaN
-427.236658711243,55.2305017928932,430.639342698206,-5.92024360501716,NaN,NaN,NaN,NaN,NaN,NaN,NaN,NaN,NaN,NaN,NaN,NaN,NaN,NaN
-427.69956626602,55.9568058405543,424.719099093189,-5.44060447434282,NaN,NaN,NaN,NaN,NaN,NaN,NaN,NaN,NaN,NaN,NaN,NaN,NaN,NaN
-428.155958887848,56.6732212418959,419.278494618846,-4.94445224298664,NaN,NaN,NaN,NaN,NaN,NaN,NaN,NaN,NaN,NaN,NaN,NaN,NaN,NaN
-428.60618254243,57.3806648686636,414.334042375859,-4.69336089007214,NaN,NaN,NaN,NaN,NaN,NaN,NaN,NaN,NaN,NaN,NaN,NaN,NaN,NaN
-429.050901895106,58.079889791018,409.640681485787,-5.03075411821368,NaN,NaN,NaN,NaN,NaN,NaN,NaN,NaN,NaN,NaN,NaN,NaN,NaN,NaN
-429.490560017,58.7712093174055,404.609927367574,-5.63795015325377,NaN,NaN,NaN,NaN,NaN,NaN,NaN,NaN,NaN,NaN,NaN,NaN,NaN,NaN
-429.92525353597,59.453762112333,398.97197721432,-5.71701333747546,NaN,NaN,NaN,NaN,NaN,NaN,NaN,NaN,NaN,NaN,NaN,NaN,NaN,NaN
-430.35515164591,60.1259988038924,393.254963876844,-5.81252519442148,NaN,NaN,NaN,NaN,NaN,NaN,NaN,NaN,NaN,NaN,NaN,NaN,NaN,NaN
-430.780997075928,60.7872502962824,387.442438682423,-6.03017811653484,NaN,NaN,NaN,NaN,NaN,NaN,NaN,NaN,NaN,NaN,NaN,NaN,NaN,NaN
-431.203275730764,61.4369635490634,381.412260565888,-6.45788847622214,NaN,NaN,NaN,NaN,NaN,NaN,NaN,NaN,NaN,NaN,NaN,NaN,NaN,NaN
-431.62168563539,62.0747992659612,374.954372089666,-6.67473953073358,NaN,NaN,NaN,NaN,NaN,NaN,NaN,NaN,NaN,NaN,NaN,NaN,NaN,NaN
-432.035164232578,62.7004178192859,368.279632558932,-6.40565387703049,NaN,NaN,NaN,NaN,NaN,NaN,NaN,NaN,NaN,NaN,NaN,NaN,NaN,NaN
-432.442374227367,63.3141763802648,361.873978681902,-6.13937344603107,NaN,NaN,NaN,NaN,NaN,NaN,NaN,NaN,NaN,NaN,NaN,NaN,NaN,NaN
-432.842605440931,63.9171905438439,355.734605235871,-5.84562311955324,NaN,NaN,NaN,NaN,NaN,NaN,NaN,NaN,NaN,NaN,NaN,NaN,NaN,NaN
-433.235841267262,64.510110456091,349.888982116318,-5.48331521012176,NaN,NaN,NaN,NaN,NaN,NaN,NaN,NaN,NaN,NaN,NaN,NaN,NaN,NaN
-433.623031985137,65.0930105737932,344.405666906196,-5.18216869021467,NaN,NaN,NaN,NaN,NaN,NaN,NaN,NaN,NaN,NaN,NaN,NaN,NaN,NaN
-434.005266914746,65.6660354529872,339.223498215981,-4.58400936112815,NaN,NaN,NaN,NaN,NaN,NaN,NaN,NaN,NaN,NaN,NaN,NaN,NaN,NaN
-434.383380135487,66.2293477280785,334.639488854853,-4.08532206246696,NaN,NaN,NaN,NaN,NaN,NaN,NaN,NaN,NaN,NaN,NaN,NaN,NaN,NaN
-434.7580793233,66.7839059925159,330.554166792386,-3.91680652829626,NaN,NaN,NaN,NaN,NaN,NaN,NaN,NaN,NaN,NaN,NaN,NaN,NaN,NaN
-435.130363703109,67.330228762759,326.63736026409,-4.28458153663809,NaN,NaN,NaN,NaN,NaN,NaN,NaN,NaN,NaN,NaN,NaN,NaN,NaN,NaN
-435.500807264366,67.8683174435583,322.352778727452,-4.71065644620415,NaN,NaN,NaN,NaN,NaN,NaN,NaN,NaN,NaN,NaN,NaN,NaN,NaN,NaN
-435.869146500334,68.3974407402099,317.642122281248,-4.80421014386542,NaN,NaN,NaN,NaN,NaN,NaN,NaN,NaN,NaN,NaN,NaN,NaN,NaN,NaN
-436.234600658759,68.9170842040187,312.837912137382,-4.85119094944304,NaN,NaN,NaN,NaN,NaN,NaN,NaN,NaN,NaN,NaN,NaN,NaN,NaN,NaN
-436.596733631492,69.4273095925892,307.986721187939,-4.74465336651582,NaN,NaN,NaN,NaN,NaN,NaN,NaN,NaN,NaN,NaN,NaN,NaN,NaN,NaN
-436.955214223763,69.9282237036672,303.242067821423,-5.08695706538799,NaN,NaN,NaN,NaN,NaN,NaN,NaN,NaN,NaN,NaN,NaN,NaN,NaN,NaN
-437.309911742045,70.4201715436979,298.155110756035,-5.52310013004933,NaN,NaN,NaN,NaN,NaN,NaN,NaN,NaN,NaN,NaN,NaN,NaN,NaN,NaN
-437.659984027574,70.9029088171546,292.632010625986,-5.61815380405125,NaN,NaN,NaN,NaN,NaN,NaN,NaN,NaN,NaN,NaN,NaN,NaN,NaN,NaN
-438.005138111774,71.375563694134,287.013856821935,-5.69912198363477,NaN,NaN,NaN,NaN,NaN,NaN,NaN,NaN,NaN,NaN,NaN,NaN,NaN,NaN
-438.345954936509,71.8374638002268,281.3147348383,-5.58657783789977,NaN,NaN,NaN,NaN,NaN,NaN,NaN,NaN,NaN,NaN,NaN,NaN,NaN,NaN
-438.682878396402,72.2880573003158,275.7281570004,-5.32402378248679,NaN,NaN,NaN,NaN,NaN,NaN,NaN,NaN,NaN,NaN,NaN,NaN,NaN,NaN
-439.015869523697,72.7276263795216,270.404133217913,-5.08763937925551,NaN,NaN,NaN,NaN,NaN,NaN,NaN,NaN,NaN,NaN,NaN,NaN,NaN,NaN
-439.34462687995,73.1570354871978,265.316493838658,-4.59119680735563,NaN,NaN,NaN,NaN,NaN,NaN,NaN,NaN,NaN,NaN,NaN,NaN,NaN,NaN
-439.669180516114,73.5768405668049,260.725297031302,-4.44304537462034,NaN,NaN,NaN,NaN,NaN,NaN,NaN,NaN,NaN,NaN,NaN,NaN,NaN,NaN
-439.989352912996,73.9884233146488,256.282251656682,-4.2705652433969,NaN,NaN,NaN,NaN,NaN,NaN,NaN,NaN,NaN,NaN,NaN,NaN,NaN,NaN
-440.304693267879,74.3925060173711,252.011686413285,-4.36211736956764,NaN,NaN,NaN,NaN,NaN,NaN,NaN,NaN,NaN,NaN,NaN,NaN,NaN,NaN
-440.615065377257,74.7896315819924,247.649569043717,-4.61811306377083,NaN,NaN,NaN,NaN,NaN,NaN,NaN,NaN,NaN,NaN,NaN,NaN,NaN,NaN
-440.920046839392,75.1798975732653,243.031455979947,-4.46974113477157,NaN,NaN,NaN,NaN,NaN,NaN,NaN,NaN,NaN,NaN,NaN,NaN,NaN,NaN
-441.219008535616,75.5631456111906,238.561714845175,-4.02547545166857,NaN,NaN,NaN,NaN,NaN,NaN,NaN,NaN,NaN,NaN,NaN,NaN,NaN,NaN
-441.511727765551,75.9399243520795,234.536239393506,-3.09758287248943,NaN,NaN,NaN,NaN,NaN,NaN,NaN,NaN,NaN,NaN,NaN,NaN,NaN,NaN
-441.798193752663,76.3113624069193,231.438656521017,-2.27874760536037,NaN,NaN,NaN,NaN,NaN,NaN,NaN,NaN,NaN,NaN,NaN,NaN,NaN,NaN
-442.07884693367,76.6794509817485,229.159908915657,-1.846756833054,NaN,NaN,NaN,NaN,NaN,NaN,NaN,NaN,NaN,NaN,NaN,NaN,NaN,NaN
-442.353906838958,77.0460558152134,227.313152082603,-1.50943365287702,NaN,NaN,NaN,NaN,NaN,NaN,NaN,NaN,NaN,NaN,NaN,NaN,NaN,NaN
-442.623226347378,77.4123235845071,225.803718429726,-1.17067956918569,NaN,NaN,NaN,NaN,NaN,NaN,NaN,NaN,NaN,NaN,NaN,NaN,NaN,NaN
-442.886890962097,77.7789708918366,224.63303886054,-0.950700043331295,NaN,NaN,NaN,NaN,NaN,NaN,NaN,NaN,NaN,NaN,NaN,NaN,NaN,NaN
-443.144618577131,78.1469606811509,223.682338817209,-0.738439582820007,NaN,NaN,NaN,NaN,NaN,NaN,NaN,NaN,NaN,NaN,NaN,NaN,NaN,NaN
-443.395781730129,78.5171663339592,222.943899234389,-1.06554246333332,NaN,NaN,NaN,NaN,NaN,NaN,NaN,NaN,NaN,NaN,NaN,NaN,NaN,NaN
-443.6400109776,78.8902186138114,221.878356771055,-1.46062393921753,NaN,NaN,NaN,NaN,NaN,NaN,NaN,NaN,NaN,NaN,NaN,NaN,NaN,NaN
-443.876953289598,79.265423040223,220.417732831838,-2.25068471672384,NaN,NaN,NaN,NaN,NaN,NaN,NaN,NaN,NaN,NaN,NaN,NaN,NaN,NaN
-444.106342794233,79.6418753784412,218.167048115114,-3.09615039464575,NaN,NaN,NaN,NaN,NaN,NaN,NaN,NaN,NaN,NaN,NaN,NaN,NaN,NaN
-444.327114720348,80.018235844182,215.070897720468,-3.68855122321722,NaN,NaN,NaN,NaN,NaN,NaN,NaN,NaN,NaN,NaN,NaN,NaN,NaN,NaN
-444.538773643535,80.392698745443,211.382346497251,-3.79264625427456,NaN,NaN,NaN,NaN,NaN,NaN,NaN,NaN,NaN,NaN,NaN,NaN,NaN,NaN
-444.741785433233,80.7635305117279,207.589700242976,-3.57745846758749,NaN,NaN,NaN,NaN,NaN,NaN,NaN,NaN,NaN,NaN,NaN,NaN,NaN,NaN
-444.93698405478,81.1299611773852,204.012241775389,-3.33522089569209,NaN,NaN,NaN,NaN,NaN,NaN,NaN,NaN,NaN,NaN,NaN,NaN,NaN,NaN
-445.125687459066,81.4917276827279,200.677020879697,-3.06878215445724,NaN,NaN,NaN,NaN,NaN,NaN,NaN,NaN,NaN,NaN,NaN,NaN,NaN,NaN
-445.309028662242,81.8487585918303,197.60823872524,-2.99754366020269,NaN,NaN,NaN,NaN,NaN,NaN,NaN,NaN,NaN,NaN,NaN,NaN,NaN,NaN
-445.48781462198,82.2012236888952,194.610695065037,-2.9649344844276,NaN,NaN,NaN,NaN,NaN,NaN,NaN,NaN,NaN,NaN,NaN,NaN,NaN,NaN
-445.66162573527,82.5494807597952,191.645760580609,-2.94564072616271,NaN,NaN,NaN,NaN,NaN,NaN,NaN,NaN,NaN,NaN,NaN,NaN,NaN,NaN
-445.829826217459,82.893894737423,188.700119854447,-2.83937377675937,NaN,NaN,NaN,NaN,NaN,NaN,NaN,NaN,NaN,NaN,NaN,NaN,NaN,NaN
-445.991807195786,83.2347658326957,185.860746077687,-2.69534543027876,NaN,NaN,NaN,NaN,NaN,NaN,NaN,NaN,NaN,NaN,NaN,NaN,NaN,NaN
-446.147510766689,83.5723058536387,183.165400647408,-2.46187320816827,NaN,NaN,NaN,NaN,NaN,NaN,NaN,NaN,NaN,NaN,NaN,NaN,NaN,NaN
-446.297091210619,83.9067067309869,180.70352743924,-2.0642846152638,NaN,NaN,NaN,NaN,NaN,NaN,NaN,NaN,NaN,NaN,NaN,NaN,NaN,NaN
-446.441040666742,84.2382087873874,178.639242823976,-1.33669993202466,NaN,NaN,NaN,NaN,NaN,NaN,NaN,NaN,NaN,NaN,NaN,NaN,NaN,NaN
-446.579796100518,84.5674425127324,177.302542891952,-1.00877505513228,NaN,NaN,NaN,NaN,NaN,NaN,NaN,NaN,NaN,NaN,NaN,NaN,NaN,NaN
-446.714044332984,84.8956530837739,176.293767836819,-0.900006885582741,NaN,NaN,NaN,NaN,NaN,NaN,NaN,NaN,NaN,NaN,NaN,NaN,NaN,NaN
-446.844096303893,85.2233792731077,175.393760951237,-0.620173007181393,NaN,NaN,NaN,NaN,NaN,NaN,NaN,NaN,NaN,NaN,NaN,NaN,NaN,NaN
-446.96951012938,85.5509815592705,174.773587944055,-0.513413849646412,NaN,NaN,NaN,NaN,NaN,NaN,NaN,NaN,NaN,NaN,NaN,NaN,NaN,NaN
-447.089279258982,85.8793694149622,174.260174094409,-0.0281001976070172,NaN,NaN,NaN,NaN,NaN,NaN,NaN,NaN,NaN,NaN,NaN,NaN,NaN,NaN
-447.202421776829,86.209013471115,174.232073896802,0.484363989507358,NaN,NaN,NaN,NaN,NaN,NaN,NaN,NaN,NaN,NaN,NaN,NaN,NaN,NaN
-447.3088069708,86.540840915431,174.716437886309,0.767959910531431,NaN,NaN,NaN,NaN,NaN,NaN,NaN,NaN,NaN,NaN,NaN,NaN,NaN,NaN
-447.408735411127,86.8756806405003,175.484397796841,0.685502054347495,NaN,NaN,NaN,NaN,NaN,NaN,NaN,NaN,NaN,NaN,NaN,NaN,NaN,NaN
-447.503067193545,87.2137347934201,176.169899851188,0.257346705896708,NaN,NaN,NaN,NaN,NaN,NaN,NaN,NaN,NaN,NaN,NaN,NaN,NaN,NaN
-447.592243326701,87.554602732261,176.427246557085,-0.270053536943465,NaN,NaN,NaN,NaN,NaN,NaN,NaN,NaN,NaN,NaN,NaN,NaN,NaN,NaN
-447.67575530847,87.897432197465,176.157193020141,-0.700192406571972,NaN,NaN,NaN,NaN,NaN,NaN,NaN,NaN,NaN,NaN,NaN,NaN,NaN,NaN
-447.753561586482,88.2410476943693,175.457000613569,-0.699858136391327,NaN,NaN,NaN,NaN,NaN,NaN,NaN,NaN,NaN,NaN,NaN,NaN,NaN,NaN
-447.826085681803,88.5843855627367,174.757142477178,-0.59544061492673,NaN,NaN,NaN,NaN,NaN,NaN,NaN,NaN,NaN,NaN,NaN,NaN,NaN,NaN
-447.894078172583,88.9272226327638,174.161701862251,-0.561170363182043,NaN,NaN,NaN,NaN,NaN,NaN,NaN,NaN,NaN,NaN,NaN,NaN,NaN,NaN
-447.958737389097,89.2694920869983,173.600531499069,-0.714833257973908,NaN,NaN,NaN,NaN,NaN,NaN,NaN,NaN,NaN,NaN,NaN,NaN,NaN,NaN
-448.021833026973,89.610911943814,172.885698241095,-0.928227243009815,NaN,NaN,NaN,NaN,NaN,NaN,NaN,NaN,NaN,NaN,NaN,NaN,NaN,NaN
-448.084413537314,89.9509730241374,171.957470998086,-1.10292309317992,NaN,NaN,NaN,NaN,NaN,NaN,NaN,NaN,NaN,NaN,NaN,NaN,NaN,NaN
-448.147361541104,90.2890780908652,170.854547904906,-1.15235047850948,NaN,NaN,NaN,NaN,NaN,NaN,NaN,NaN,NaN,NaN,NaN,NaN,NaN,NaN
-448.212189433524,90.624581370318,169.702197426396,-0.973610784050123,NaN,NaN,NaN,NaN,NaN,NaN,NaN,NaN,NaN,NaN,NaN,NaN,NaN,NaN
-448.280314177611,90.9570785319427,168.728586642346,-1.11050951927351,NaN,NaN,NaN,NaN,NaN,NaN,NaN,NaN,NaN,NaN,NaN,NaN,NaN,NaN
-448.352350819105,91.2867572635641,167.618077123073,-1.20396829421856,NaN,NaN,NaN,NaN,NaN,NaN,NaN,NaN,NaN,NaN,NaN,NaN,NaN,NaN
-448.427858050741,91.613379273056,166.414108828854,-1.63192541315934,NaN,NaN,NaN,NaN,NaN,NaN,NaN,NaN,NaN,NaN,NaN,NaN,NaN,NaN
-448.506690310273,91.9367368109705,164.782183415695,-1.86347930621446,NaN,NaN,NaN,NaN,NaN,NaN,NaN,NaN,NaN,NaN,NaN,NaN,NaN,NaN
-448.588741364072,92.255923741241,162.91870410948,-1.96248410968568,NaN,NaN,NaN,NaN,NaN,NaN,NaN,NaN,NaN,NaN,NaN,NaN,NaN,NaN
-448.673794486485,92.570464649491,160.956219999795,-1.82467462019656,NaN,NaN,NaN,NaN,NaN,NaN,NaN,NaN,NaN,NaN,NaN,NaN,NaN,NaN
-448.761886848607,92.8800891878631,159.131545379598,-1.50101295384968,NaN,NaN,NaN,NaN,NaN,NaN,NaN,NaN,NaN,NaN,NaN,NaN,NaN,NaN
-448.853631472984,93.1848420694535,157.630532425748,-1.64898052250749,NaN,NaN,NaN,NaN,NaN,NaN,NaN,NaN,NaN,NaN,NaN,NaN,NaN,NaN
-448.949004614962,93.4853308426222,155.981551903241,-2.05879713356447,NaN,NaN,NaN,NaN,NaN,NaN,NaN,NaN,NaN,NaN,NaN,NaN,NaN,NaN
-449.047644358117,93.7812889126371,153.922754769676,-2.36820632757693,NaN,NaN,NaN,NaN,NaN,NaN,NaN,NaN,NaN,NaN,NaN,NaN,NaN,NaN
-449.149111619862,94.0719317390366,151.554548442099,-2.41613530090152,NaN,NaN,NaN,NaN,NaN,NaN,NaN,NaN,NaN,NaN,NaN,NaN,NaN,NaN
-449.252734418805,94.3567780838492,149.138413141198,-2.63554198427045,NaN,NaN,NaN,NaN,NaN,NaN,NaN,NaN,NaN,NaN,NaN,NaN,NaN,NaN
-449.357350998423,94.636106629412,146.502871156927,-2.30359011864235,NaN,NaN,NaN,NaN,NaN,NaN,NaN,NaN,NaN,NaN,NaN,NaN,NaN,NaN
-449.46127804883,94.9100619783696,144.199281038285,-1.71515105763237,NaN,NaN,NaN,NaN,NaN,NaN,NaN,NaN,NaN,NaN,NaN,NaN,NaN,NaN
-449.563848498357,95.1796042449841,142.484129980653,-1.11990559084853,NaN,NaN,NaN,NaN,NaN,NaN,NaN,NaN,NaN,NaN,NaN,NaN,NaN,NaN
-449.665264511067,95.4459155319239,141.364224389804,-0.505938184794019,NaN,NaN,NaN,NaN,NaN,NaN,NaN,NaN,NaN,NaN,NaN,NaN,NaN,NaN
-449.766376719997,95.7099452593306,140.85828620501,0.282719866440033,NaN,NaN,NaN,NaN,NaN,NaN,NaN,NaN,NaN,NaN,NaN,NaN,NaN,NaN
-449.868301498576,95.9725772579182,141.14100607145,0.701783827842121,NaN,NaN,NaN,NaN,NaN,NaN,NaN,NaN,NaN,NaN,NaN,NaN,NaN,NaN
-449.971771890075,96.2352120089748,141.842789899292,0.55336297382388,NaN,NaN,NaN,NaN,NaN,NaN,NaN,NaN,NaN,NaN,NaN,NaN,NaN,NaN
-450.07635844676,96.498914796875,142.396152873116,-0.0996691827643303,NaN,NaN,NaN,NaN,NaN,NaN,NaN,NaN,NaN,NaN,NaN,NaN,NaN,NaN
-450.181127140734,96.7637358273376,142.296483690352,-0.32395793383742,NaN,NaN,NaN,NaN,NaN,NaN,NaN,NaN,NaN,NaN,NaN,NaN,NaN,NaN
-450.285209286276,97.0286132783636,141.972525756514,0.0862137511450953,NaN,NaN,NaN,NaN,NaN,NaN,NaN,NaN,NaN,NaN,NaN,NaN,NaN,NaN
-450.388271747786,97.2931939301624,142.05873950766,0.303732251972747,NaN,NaN,NaN,NaN,NaN,NaN,NaN,NaN,NaN,NaN,NaN,NaN,NaN,NaN
-450.491162036644,97.5580265760741,142.362471759632,0.364605071531088,NaN,NaN,NaN,NaN,NaN,NaN,NaN,NaN,NaN,NaN,NaN,NaN,NaN,NaN
-450.594908232166,97.8231775149311,142.727076831163,-0.0821900355737171,NaN,NaN,NaN,NaN,NaN,NaN,NaN,NaN,NaN,NaN,NaN,NaN,NaN,NaN
-450.699669975,98.0887129195036,142.64488679559,-0.636736323230593,NaN,NaN,NaN,NaN,NaN,NaN,NaN,NaN,NaN,NaN,NaN,NaN,NaN,NaN
-450.805261017612,98.3537427039352,142.008150472359,-0.781753109885869,NaN,NaN,NaN,NaN,NaN,NaN,NaN,NaN,NaN,NaN,NaN,NaN,NaN,NaN
-450.911419388033,98.617173263271,141.226397362473,-0.724578896847191,NaN,NaN,NaN,NaN,NaN,NaN,NaN,NaN,NaN,NaN,NaN,NaN,NaN,NaN
-451.01775377859,98.8788459187637,140.501818465626,-0.389493990794392,NaN,NaN,NaN,NaN,NaN,NaN,NaN,NaN,NaN,NaN,NaN,NaN,NaN,NaN
-451.124021553989,99.1389808911921,140.112324474832,0.11716196529494,NaN,NaN,NaN,NaN,NaN,NaN,NaN,NaN,NaN,NaN,NaN,NaN,NaN,NaN
-451.230683848264,99.3981121491659,140.229486440127,0.0674190878375214,NaN,NaN,NaN,NaN,NaN,NaN,NaN,NaN,NaN,NaN,NaN,NaN,NaN,NaN
-451.338200435136,99.6571438441695,140.296905527964,-0.306550973140247,NaN,NaN,NaN,NaN,NaN,NaN,NaN,NaN,NaN,NaN,NaN,NaN,NaN,NaN
-451.446649125618,99.9159328863169,139.990354554824,-0.635613199250656,NaN,NaN,NaN,NaN,NaN,NaN,NaN,NaN,NaN,NaN,NaN,NaN,NaN,NaN
-451.555818926569,100.173752885607,139.354741355573,-1.50750411393793,NaN,NaN,NaN,NaN,NaN,NaN,NaN,NaN,NaN,NaN,NaN,NaN,NaN,NaN
-451.66526771734,100.43007287693,137.847237241635,-2.06254863830495,NaN,NaN,NaN,NaN,NaN,NaN,NaN,NaN,NaN,NaN,NaN,NaN,NaN,NaN
-451.773053140846,100.683824223213,135.78468860333,-2.30821114848652,NaN,NaN,NaN,NaN,NaN,NaN,NaN,NaN,NaN,NaN,NaN,NaN,NaN,NaN
-451.87756935351,100.934475949572,133.476477454844,-2.39894755537892,NaN,NaN,NaN,NaN,NaN,NaN,NaN,NaN,NaN,NaN,NaN,NaN,NaN,NaN
-451.977819222314,101.181890265932,131.077529899465,-2.41156007689085,NaN,NaN,NaN,NaN,NaN,NaN,NaN,NaN,NaN,NaN,NaN,NaN,NaN,NaN
-452.073192364292,101.426081255051,128.665969822574,-2.30436587435548,NaN,NaN,NaN,NaN,NaN,NaN,NaN,NaN,NaN,NaN,NaN,NaN,NaN,NaN
-452.163326863019,101.667111334711,126.361603948219,-2.00075291827743,NaN,NaN,NaN,NaN,NaN,NaN,NaN,NaN,NaN,NaN,NaN,NaN,NaN,NaN
-452.248370274223,101.905095867865,124.360851029941,-1.62232238202509,NaN,NaN,NaN,NaN,NaN,NaN,NaN,NaN,NaN,NaN,NaN,NaN,NaN,NaN
-452.329512646894,102.140209458354,122.738528647916,-1.25730203827631,NaN,NaN,NaN,NaN,NaN,NaN,NaN,NaN,NaN,NaN,NaN,NaN,NaN,NaN
-452.408187017716,102.372737583609,121.48122660964,-1.0020943341471,NaN,NaN,NaN,NaN,NaN,NaN,NaN,NaN,NaN,NaN,NaN,NaN,NaN,NaN
-452.485486702063,102.603075406109,120.479132275493,-0.945696267768994,NaN,NaN,NaN,NaN,NaN,NaN,NaN,NaN,NaN,NaN,NaN,NaN,NaN,NaN
-452.561896037624,102.831597831036,119.533436007724,-1.09051929994338,NaN,NaN,NaN,NaN,NaN,NaN,NaN,NaN,NaN,NaN,NaN,NaN,NaN,NaN
-452.637143823383,103.058513542334,118.44291670778,-1.31163445111456,NaN,NaN,NaN,NaN,NaN,NaN,NaN,NaN,NaN,NaN,NaN,NaN,NaN,NaN
-452.710608574395,103.28371973326,117.131282256666,-1.60048313848813,NaN,NaN,NaN,NaN,NaN,NaN,NaN,NaN,NaN,NaN,NaN,NaN,NaN,NaN
-452.782067657369,103.506817354478,115.530799118178,-1.91345246290435,NaN,NaN,NaN,NaN,NaN,NaN,NaN,NaN,NaN,NaN,NaN,NaN,NaN,NaN
-452.85115268102,103.727309353622,113.617346655273,-2.07363408639871,NaN,NaN,NaN,NaN,NaN,NaN,NaN,NaN,NaN,NaN,NaN,NaN,NaN,NaN
-452.91706746402,103.944773942063,111.543712568874,-1.8505587706431,NaN,NaN,NaN,NaN,NaN,NaN,NaN,NaN,NaN,NaN,NaN,NaN,NaN,NaN
-452.97874193518,104.159166709809,109.693153798231,-1.13634385661858,NaN,NaN,NaN,NaN,NaN,NaN,NaN,NaN,NaN,NaN,NaN,NaN,NaN,NaN
-453.035619848488,104.371051713853,108.556809941613,-0.163695466741927,NaN,NaN,NaN,NaN,NaN,NaN,NaN,NaN,NaN,NaN,NaN,NaN,NaN,NaN
-453.088874384306,104.581532777974,108.393114474871,0.853269041315784,NaN,NaN,NaN,NaN,NaN,NaN,NaN,NaN,NaN,NaN,NaN,NaN,NaN,NaN
-453.1399395092,104.792218852696,109.246383516187,1.69816814024679,NaN,NaN,NaN,NaN,NaN,NaN,NaN,NaN,NaN,NaN,NaN,NaN,NaN,NaN
-453.189476203598,105.00502206027,110.944551656433,2.16117684208295,NaN,NaN,NaN,NaN,NaN,NaN,NaN,NaN,NaN,NaN,NaN,NaN,NaN,NaN
-453.236981110627,105.221766282747,113.105728498516,2.04233428106757,NaN,NaN,NaN,NaN,NaN,NaN,NaN,NaN,NaN,NaN,NaN,NaN,NaN,NaN
-453.280927462925,105.443667930772,115.148062779584,1.85626388681604,NaN,NaN,NaN,NaN,NaN,NaN,NaN,NaN,NaN,NaN,NaN,NaN,NaN,NaN
-453.319442639113,105.670720538445,117.0043266664,1.87011125745184,NaN,NaN,NaN,NaN,NaN,NaN,NaN,NaN,NaN,NaN,NaN,NaN,NaN,NaN
-453.351513233477,105.902521157106,118.874437923852,2.07913240497761,NaN,NaN,NaN,NaN,NaN,NaN,NaN,NaN,NaN,NaN,NaN,NaN,NaN,NaN
-453.377009570985,106.138898957968,120.953570328829,2.2906072815495,NaN,NaN,NaN,NaN,NaN,NaN,NaN,NaN,NaN,NaN,NaN,NaN,NaN,NaN
-453.395553625168,106.380094278726,123.244177610379,2.35677963816684,NaN,NaN,NaN,NaN,NaN,NaN,NaN,NaN,NaN,NaN,NaN,NaN,NaN,NaN
-453.405988441445,106.626361661603,125.600957248546,2.74980673936257,NaN,NaN,NaN,NaN,NaN,NaN,NaN,NaN,NaN,NaN,NaN,NaN,NaN,NaN
-453.406731859762,106.877562476044,128.350763987908,2.95766642891394,NaN,NaN,NaN,NaN,NaN,NaN,NaN,NaN,NaN,NaN,NaN,NaN,NaN,NaN
-453.39695950686,107.13407792506,131.308430416822,3.14653432520481,NaN,NaN,NaN,NaN,NaN,NaN,NaN,NaN,NaN,NaN,NaN,NaN,NaN,NaN
-453.376835813657,107.395922635845,134.454964742027,3.29016179795346,NaN,NaN,NaN,NaN,NaN,NaN,NaN,NaN,NaN,NaN,NaN,NaN,NaN,NaN
-453.346953814751,107.663167123752,137.745126539981,3.17972859664386,NaN,NaN,NaN,NaN,NaN,NaN,NaN,NaN,NaN,NaN,NaN,NaN,NaN,NaN
-453.308512871198,107.935962236246,140.924855136624,3.1684827277922,NaN,NaN,NaN,NaN,NaN,NaN,NaN,NaN,NaN,NaN,NaN,NaN,NaN,NaN
-453.262553372821,108.214039534295,144.093337864417,3.28060319591316,NaN,NaN,NaN,NaN,NaN,NaN,NaN,NaN,NaN,NaN,NaN,NaN,NaN,NaN
-453.209731816374,108.497344040511,147.37394106033,3.42956557277358,NaN,NaN,NaN,NaN,NaN,NaN,NaN,NaN,NaN,NaN,NaN,NaN,NaN,NaN
-453.150663217995,108.78611248529,150.803506633103,4.07244395847039,NaN,NaN,NaN,NaN,NaN,NaN,NaN,NaN,NaN,NaN,NaN,NaN,NaN,NaN
-453.085129627349,109.080513808229,154.875950591574,4.56564481080997,NaN,NaN,NaN,NaN,NaN,NaN,NaN,NaN,NaN,NaN,NaN,NaN,NaN,NaN
-453.012002130585,109.381509837279,159.441595402384,5.041016948395,NaN,NaN,NaN,NaN,NaN,NaN,NaN,NaN,NaN,NaN,NaN,NaN,NaN,NaN
-452.930088956815,109.689692772142,164.482612350779,5.39572295191971,NaN,NaN,NaN,NaN,NaN,NaN,NaN,NaN,NaN,NaN,NaN,NaN,NaN,NaN
-452.838154211371,110.005550527536,169.878335302698,5.33167227727594,NaN,NaN,NaN,NaN,NaN,NaN,NaN,NaN,NaN,NaN,NaN,NaN,NaN,NaN
-452.735508476956,110.329430827072,175.210007579974,5.12562238869788,NaN,NaN,NaN,NaN,NaN,NaN,NaN,NaN,NaN,NaN,NaN,NaN,NaN,NaN
-452.621903830111,110.660924675039,180.335629968672,4.8745242405156,NaN,NaN,NaN,NaN,NaN,NaN,NaN,NaN,NaN,NaN,NaN,NaN,NaN,NaN
-452.497933346098,110.999620817382,185.210154209188,4.3151494410196,NaN,NaN,NaN,NaN,NaN,NaN,NaN,NaN,NaN,NaN,NaN,NaN,NaN,NaN
-452.36435921176,111.345119233478,189.525303650207,3.82552453310436,NaN,NaN,NaN,NaN,NaN,NaN,NaN,NaN,NaN,NaN,NaN,NaN,NaN,NaN
-452.221966046993,111.696407647068,193.350828183312,3.81938478469732,NaN,NaN,NaN,NaN,NaN,NaN,NaN,NaN,NaN,NaN,NaN,NaN,NaN,NaN
-452.072075117229,112.052877674155,197.170212968009,3.7425642457838,NaN,NaN,NaN,NaN,NaN,NaN,NaN,NaN,NaN,NaN,NaN,NaN,NaN,NaN
-451.915795310307,112.41492876651,200.912777213793,3.44158829150047,NaN,NaN,NaN,NaN,NaN,NaN,NaN,NaN,NaN,NaN,NaN,NaN,NaN,NaN
-451.753588970152,112.782560211581,204.354365505293,2.64902833893444,NaN,NaN,NaN,NaN,NaN,NaN,NaN,NaN,NaN,NaN,NaN,NaN,NaN,NaN
-451.58556891548,113.155135154421,207.003393844228,1.82983598578991,NaN,NaN,NaN,NaN,NaN,NaN,NaN,NaN,NaN,NaN,NaN,NaN,NaN,NaN
-451.412309402286,113.531144145457,208.833229830018,1.23832020399257,NaN,NaN,NaN,NaN,NaN,NaN,NaN,NaN,NaN,NaN,NaN,NaN,NaN,NaN
-451.234316758393,113.908985236717,210.07155003401,0.807670790934878,NaN,NaN,NaN,NaN,NaN,NaN,NaN,NaN,NaN,NaN,NaN,NaN,NaN,NaN
-451.051811048798,114.287418705771,210.879220824945,0.32680931297017,NaN,NaN,NaN,NaN,NaN,NaN,NaN,NaN,NaN,NaN,NaN,NaN,NaN,NaN
-450.865269794799,114.66568123849,211.206030137915,-0.115114768584533,NaN,NaN,NaN,NaN,NaN,NaN,NaN,NaN,NaN,NaN,NaN,NaN,NaN,NaN
-450.676196934185,115.043415804086,211.090915369331,-0.521136137338772,NaN,NaN,NaN,NaN,NaN,NaN,NaN,NaN,NaN,NaN,NaN,NaN,NaN,NaN
-450.486519579261,115.420589503109,210.569779231992,-0.891044382990032,NaN,NaN,NaN,NaN,NaN,NaN,NaN,NaN,NaN,NaN,NaN,NaN,NaN,NaN
-450.298145522773,115.797250813235,209.678734849002,-0.706428309018008,NaN,NaN,NaN,NaN,NaN,NaN,NaN,NaN,NaN,NaN,NaN,NaN,NaN,NaN
-450.112375270375,116.17321637112,208.972306539984,-0.858291545585729,NaN,NaN,NaN,NaN,NaN,NaN,NaN,NaN,NaN,NaN,NaN,NaN,NaN,NaN
-449.929465516302,116.549011157496,208.114014994398,-1.2947392100981,NaN,NaN,NaN,NaN,NaN,NaN,NaN,NaN,NaN,NaN,NaN,NaN,NaN,NaN
-449.749899528402,116.924513259937,206.8192757843,-1.39550372186409,NaN,NaN,NaN,NaN,NaN,NaN,NaN,NaN,NaN,NaN,NaN,NaN,NaN,NaN
-449.574082172714,117.298926278918,205.423772062436,-1.49322316643062,NaN,NaN,NaN,NaN,NaN,NaN,NaN,NaN,NaN,NaN,NaN,NaN,NaN,NaN
-449.402044975084,117.67201997646,203.930548896005,-1.26496164432268,NaN,NaN,NaN,NaN,NaN,NaN,NaN,NaN,NaN,NaN,NaN,NaN,NaN,NaN
-449.233814609858,118.043569729936,202.665587251683,-0.730344990517835,NaN,NaN,NaN,NaN,NaN,NaN,NaN,NaN,NaN,NaN,NaN,NaN,NaN,NaN
-449.070125585407,118.414378662269,201.935242261165,0.00785307289666548,NaN,NaN,NaN,NaN,NaN,NaN,NaN,NaN,NaN,NaN,NaN,NaN,NaN,NaN
-448.911416758451,118.78575835546,201.943095334062,0.672650889834472,NaN,NaN,NaN,NaN,NaN,NaN,NaN,NaN,NaN,NaN,NaN,NaN,NaN,NaN
-448.756883528379,119.15891185714,202.615746223896,1.20128118443938,NaN,NaN,NaN,NaN,NaN,NaN,NaN,NaN,NaN,NaN,NaN,NaN,NaN,NaN
-448.605348822954,119.534743994567,203.817027408335,1.72910343368395,NaN,NaN,NaN,NaN,NaN,NaN,NaN,NaN,NaN,NaN,NaN,NaN,NaN,NaN
-448.455864663307,119.91398008022,205.546130842019,2.00022109655913,NaN,NaN,NaN,NaN,NaN,NaN,NaN,NaN,NaN,NaN,NaN,NaN,NaN,NaN
-448.307673226798,120.297433005312,207.546351938579,1.90626901611628,NaN,NaN,NaN,NaN,NaN,NaN,NaN,NaN,NaN,NaN,NaN,NaN,NaN,NaN
-448.159844797007,120.685310187108,209.452620954695,1.23455069971894,NaN,NaN,NaN,NaN,NaN,NaN,NaN,NaN,NaN,NaN,NaN,NaN,NaN,NaN
-448.011853667297,121.077203319513,210.687171654414,0.0706011670750684,NaN,NaN,NaN,NaN,NaN,NaN,NaN,NaN,NaN,NaN,NaN,NaN,NaN,NaN
-447.863174479835,121.471475860294,210.757772821489,-1.12538334541873,NaN,NaN,NaN,NaN,NaN,NaN,NaN,NaN,NaN,NaN,NaN,NaN,NaN,NaN
-447.713483308254,121.865516351069,209.63238947607,-2.25437803973614,NaN,NaN,NaN,NaN,NaN,NaN,NaN,NaN,NaN,NaN,NaN,NaN,NaN,NaN
-447.563664300206,122.257099317625,207.378011436334,-3.44796567697355,NaN,NaN,NaN,NaN,NaN,NaN,NaN,NaN,NaN,NaN,NaN,NaN,NaN,NaN
-447.415830661694,122.644614186803,203.93004575936,-4.66512778096157,NaN,NaN,NaN,NaN,NaN,NaN,NaN,NaN,NaN,NaN,NaN,NaN,NaN,NaN
-447.272393859052,123.026420077147,199.264917978399,-6.07954857830399,NaN,NaN,NaN,NaN,NaN,NaN,NaN,NaN,NaN,NaN,NaN,NaN,NaN,NaN
-447.136156384298,123.400940277697,193.185369400095,-7.4026942620834,NaN,NaN,NaN,NaN,NaN,NaN,NaN,NaN,NaN,NaN,NaN,NaN,NaN,NaN
-447.009853702709,123.766084058179,185.782675138011,-8.88904973299861,NaN,NaN,NaN,NaN,NaN,NaN,NaN,NaN,NaN,NaN,NaN,NaN,NaN,NaN
-446.895296766857,124.119549074798,176.893625405013,-10.2294632026098,NaN,NaN,NaN,NaN,NaN,NaN,NaN,NaN,NaN,NaN,NaN,NaN,NaN,NaN
-446.794005939416,124.458526341163,166.664162202403,-11.2429909856451,NaN,NaN,NaN,NaN,NaN,NaN,NaN,NaN,NaN,NaN,NaN,NaN,NaN,NaN
-446.707472407514,124.780426511569,155.421171216758,-12.2237995518066,NaN,NaN,NaN,NaN,NaN,NaN,NaN,NaN,NaN,NaN,NaN,NaN,NaN,NaN
-446.636800747821,125.083128474505,143.197371664951,-13.1448881657915,NaN,NaN,NaN,NaN,NaN,NaN,NaN,NaN,NaN,NaN,NaN,NaN,NaN,NaN
-446.582109828309,125.364252739431,130.05248349916,-13.5031992257144,NaN,NaN,NaN,NaN,NaN,NaN,NaN,NaN,NaN,NaN,NaN,NaN,NaN,NaN
-446.543227991193,125.621435158347,116.549284273445,-13.2808199727333,NaN,NaN,NaN,NaN,NaN,NaN,NaN,NaN,NaN,NaN,NaN,NaN,NaN,NaN
-446.519718620412,125.853345167066,103.268464300712,-13.0837709214989,NaN,NaN,NaN,NaN,NaN,NaN,NaN,NaN,NaN,NaN,NaN,NaN,NaN,NaN
-446.510338805971,126.059668994961,90.1846933792133,-12.8530131594624,NaN,NaN,NaN,NaN,NaN,NaN,NaN,NaN,NaN,NaN,NaN,NaN,NaN,NaN
-446.513757533969,126.240005979461,77.3316802197509,-11.9356692710123,NaN,NaN,NaN,NaN,NaN,NaN,NaN,NaN,NaN,NaN,NaN,NaN,NaN,NaN
-446.528895137212,126.393926764381,65.3960109487386,-10.2572567673023,NaN,NaN,NaN,NaN,NaN,NaN,NaN,NaN,NaN,NaN,NaN,NaN,NaN,NaN
-446.55460145281,126.522167702971,55.1387541814363,-8.21615724440039,NaN,NaN,NaN,NaN,NaN,NaN,NaN,NaN,NaN,NaN,NaN,NaN,NaN,NaN
-446.589034634892,126.626931651076,46.9225969370359,-6.0086035940331,NaN,NaN,NaN,NaN,NaN,NaN,NaN,NaN,NaN,NaN,NaN,NaN,NaN,NaN
-446.630261810747,126.711236101636,40.9139933430028,-4.22356900479716,NaN,NaN,NaN,NaN,NaN,NaN,NaN,NaN,NaN,NaN,NaN,NaN,NaN,NaN
-446.676398210388,126.778817549041,36.6904243382057,-3.05055519448871,NaN,NaN,NaN,NaN,NaN,NaN,NaN,NaN,NaN,NaN,NaN,NaN,NaN,NaN
-446.725502523901,126.833347498122,33.6398691437169,-2.65703108298128,NaN,NaN,NaN,NaN,NaN,NaN,NaN,NaN,NaN,NaN,NaN,NaN,NaN,NaN
-446.775495811318,126.878372317914,30.9828380607357,-2.66005518795412,NaN,NaN,NaN,NaN,NaN,NaN,NaN,NaN,NaN,NaN,NaN,NaN,NaN,NaN
-446.824158484757,126.916734919897,28.3227828727815,-2.7933635327993,NaN,NaN,NaN,NaN,NaN,NaN,NaN,NaN,NaN,NaN,NaN,NaN,NaN,NaN
-446.869246572103,126.951024634072,25.5294193399822,-3.01064974979492,NaN,NaN,NaN,NaN,NaN,NaN,NaN,NaN,NaN,NaN,NaN,NaN,NaN,NaN
-446.908656881383,126.983487420917,22.5187695901873,-2.91462777797076,NaN,NaN,NaN,NaN,NaN,NaN,NaN,NaN,NaN,NaN,NaN,NaN,NaN,NaN
-446.940423368104,127.015413433146,19.6041418122166,-1.82105320602725,NaN,NaN,NaN,NaN,NaN,NaN,NaN,NaN,NaN,NaN,NaN,NaN,NaN,NaN
-446.962477144919,127.047831336116,17.7830886061893,-0.128415531569317,NaN,NaN,NaN,NaN,NaN,NaN,NaN,NaN,NaN,NaN,NaN,NaN,NaN,NaN
-446.973598136418,127.081614120335,17.65467307462,1.34595340422253,NaN,NaN,NaN,NaN,NaN,NaN,NaN,NaN,NaN,NaN,NaN,NaN,NaN,NaN
-446.973850011238,127.116922568114,19.0006264788425,2.01776361188034,NaN,NaN,NaN,NaN,NaN,NaN,NaN,NaN,NaN,NaN,NaN,NaN,NaN,NaN
-446.964184547917,127.153674085703,21.0183900907229,2.13490084118679,NaN,NaN,NaN,NaN,NaN,NaN,NaN,NaN,NaN,NaN,NaN,NaN,NaN,NaN
-446.945589071639,127.191374207056,23.1532909319097,1.78077661642321,NaN,NaN,NaN,NaN,NaN,NaN,NaN,NaN,NaN,NaN,NaN,NaN,NaN,NaN
-446.919399276442,127.229563134135,24.9340675483329,1.39580833937274,NaN,NaN,NaN,NaN,NaN,NaN,NaN,NaN,NaN,NaN,NaN,NaN,NaN,NaN
-446.887297913229,127.267725070379,26.3298758877056,0.92786766828004,NaN,NaN,NaN,NaN,NaN,NaN,NaN,NaN,NaN,NaN,NaN,NaN,NaN,NaN
-446.850981527165,127.305858645615,27.2577435559857,0.37400482383471,NaN,NaN,NaN,NaN,NaN,NaN,NaN,NaN,NaN,NaN,NaN,NaN,NaN,NaN
-446.811812661377,127.343776165154,27.6317483798204,-0.139879704258664,NaN,NaN,NaN,NaN,NaN,NaN,NaN,NaN,NaN,NaN,NaN,NaN,NaN,NaN
-446.770561291024,127.380550864583,27.4918686755617,-0.498400400491818,NaN,NaN,NaN,NaN,NaN,NaN,NaN,NaN,NaN,NaN,NaN,NaN,NaN,NaN
-446.727391855072,127.414603928656,26.9934682750699,-0.752981919963187,NaN,NaN,NaN,NaN,NaN,NaN,NaN,NaN,NaN,NaN,NaN,NaN,NaN,NaN
-446.682323265574,127.444326168792,26.2404863551067,-0.935663563330142,NaN,NaN,NaN,NaN,NaN,NaN,NaN,NaN,NaN,NaN,NaN,NaN,NaN,NaN
-446.636027155849,127.469043019743,25.3048227917766,-1.05099316921113,NaN,NaN,NaN,NaN,NaN,NaN,NaN,NaN,NaN,NaN,NaN,NaN,NaN,NaN
-446.58934387775,127.488588038852,24.2538296225654,-1.19303783878343,NaN,NaN,NaN,NaN,NaN,NaN,NaN,NaN,NaN,NaN,NaN,NaN,NaN,NaN
-446.543047768025,127.50306779126,23.060791783782,-1.41034285986587,NaN,NaN,NaN,NaN,NaN,NaN,NaN,NaN,NaN,NaN,NaN,NaN,NaN,NaN
-446.497979178527,127.512866909149,21.6504489239161,-1.71330164383939,NaN,NaN,NaN,NaN,NaN,NaN,NaN,NaN,NaN,NaN,NaN,NaN,NaN,NaN
-446.455061617396,127.518615883061,19.9371472800767,-2.08178437182417,NaN,NaN,NaN,NaN,NaN,NaN,NaN,NaN,NaN,NaN,NaN,NaN,NaN,NaN
-446.41526577522,127.521115945492,17.8553629082526,-2.46680504132671,NaN,NaN,NaN,NaN,NaN,NaN,NaN,NaN,NaN,NaN,NaN,NaN,NaN,NaN
-446.379555209969,127.521223033226,15.3885578669259,-2.79946700288877,NaN,NaN,NaN,NaN,NaN,NaN,NaN,NaN,NaN,NaN,NaN,NaN,NaN,NaN
-446.348815515429,127.519705788195,12.5890908640371,-3.00037343421898,NaN,NaN,NaN,NaN,NaN,NaN,NaN,NaN,NaN,NaN,NaN,NaN,NaN,NaN
-446.323771223463,127.517112667476,9.58871742981809,-2.98295184804081,NaN,NaN,NaN,NaN,NaN,NaN,NaN,NaN,NaN,NaN,NaN,NaN,NaN,NaN
-446.30489760137,127.51371260911,6.60576558177728,-2.68508257590929,NaN,NaN,NaN,NaN,NaN,NaN,NaN,NaN,NaN,NaN,NaN,NaN,NaN,NaN
-446.292337632207,127.509614837725,3.920683005868,NaN,NaN,NaN,NaN,NaN,NaN,NaN,NaN,NaN,NaN,NaN,NaN,NaN,NaN,NaN
-446.285837394425,127.505229187295,NaN,NaN,NaN,NaN,NaN,NaN,NaN,NaN,NaN,NaN,NaN,NaN,NaN,NaN,NaN,NaN
